-- phpMyAdmin SQL Dump
-- version 4.2.7.1
-- http://www.phpmyadmin.net
--
-- Host: 127.0.0.1
-- Generation Time: Aug 07, 2017 at 03:43 PM
-- Server version: 5.6.20
-- PHP Version: 5.5.15

SET SQL_MODE = "NO_AUTO_VALUE_ON_ZERO";
SET time_zone = "+00:00";


/*!40101 SET @OLD_CHARACTER_SET_CLIENT=@@CHARACTER_SET_CLIENT */;
/*!40101 SET @OLD_CHARACTER_SET_RESULTS=@@CHARACTER_SET_RESULTS */;
/*!40101 SET @OLD_COLLATION_CONNECTION=@@COLLATION_CONNECTION */;
/*!40101 SET NAMES utf8 */;

--
-- Database: `survei_kepuasan`
--

-- --------------------------------------------------------

--
-- Table structure for table `kriteria`
--

CREATE TABLE IF NOT EXISTS `kriteria` (
`ID_KRITERIA` int(11) NOT NULL,
  `NAMA_KRITERIA` varchar(100) DEFAULT NULL,
  `BOBOT_KRITERIA` int(11) DEFAULT NULL
) ENGINE=InnoDB  DEFAULT CHARSET=latin1 AUTO_INCREMENT=6 ;

--
-- Dumping data for table `kriteria`
--

INSERT INTO `kriteria` (`ID_KRITERIA`, `NAMA_KRITERIA`, `BOBOT_KRITERIA`) VALUES
(1, 'Tangible', 20),
(2, 'Reliability', 20),
(3, 'Responsiveness', 20),
(4, 'Assurance', 20),
(5, 'Empathy', 20);

-- --------------------------------------------------------

--
-- Table structure for table `kritik_saran`
--

CREATE TABLE IF NOT EXISTS `kritik_saran` (
`ID_KRITIK_SARAN` int(11) NOT NULL,
  `ID_RESPONDEN` int(11) NOT NULL,
  `TANGGAL_MASUK` date NOT NULL,
  `KRITIK_SARAN` text NOT NULL
) ENGINE=InnoDB  DEFAULT CHARSET=latin1 AUTO_INCREMENT=33 ;

--
-- Dumping data for table `kritik_saran`
--

INSERT INTO `kritik_saran` (`ID_KRITIK_SARAN`, `ID_RESPONDEN`, `TANGGAL_MASUK`, `KRITIK_SARAN`) VALUES
(1, 2, '2017-04-12', 'Kalau bisa dokter datang tepat waktu sehingga pasien tidak lama menunggu. Terutama di poli gigi'),
(2, 12, '2017-04-17', 'terdapat ketidaksesuaian antara nomer yang diberikan poli dengan nomer antrian pada sistem'),
(3, 13, '2017-04-17', 'dokter harus tepat waktu sehingga pelayanan dimulai tepat waktu'),
(4, 19, '2017-04-17', 'dokter datang kurang tepat waktu sehingga pasien lama menunggu'),
(5, 26, '2017-04-17', 'Dokter datang terlambat sehingga pasien menunggu lama.'),
(6, 36, '2017-04-25', 'dokter datang tepat waktu'),
(7, 41, '2017-04-27', 'tempat menunggu kurang banyak kursi. dan tata letak ruang tunggu kurang bagus.'),
(8, 45, '2017-04-27', 'kalo bisa untuk pelayanan bpjs lebih optimal sehingga tidak mengantrilama'),
(9, 46, '2017-04-27', 'perawat dimohon lebih sabar dan teliti dalam memberikan informasi dan pelayanan'),
(10, 54, '2017-04-29', 'kekurangan sound system untuk pemanggilan pasien. sehingga ketika poli lain dipanggil, maka yang lain tidak terdengar.'),
(11, 55, '2017-04-29', 'penyediaan obat dilengkapi dan sesuai denganresep dokter sehingga pasien tidak perlu beli obat diluar.'),
(12, 56, '2017-04-29', 'antrian bpjs tidak ada pengeras suara dan tidak ada nomer antrian. mohon ditingkatkan'),
(13, 60, '2017-04-29', 'akan lebih baik jika rs meningkatkan pelayanannya seperti kebersihan ruang tunggu,  toilet, dll yang l, karena fasilitas gedung yang sudah memadai tidak akan menjadi baik kalau ternyata kebersihannya tidak diperhatikan.\r\napalagi AC di ruang tunggu lantai 2 tidak berfungsi.'),
(14, 61, '2017-04-29', 'tempat parkir terlalu juh dengan pintu utama sehingga pasien harus memutar cukup jauh.'),
(15, 65, '2017-04-29', 'kepastian waktu pelayanan harus ditingkatkan. ruang tunggu kurang nyaman'),
(20, 85, '2017-04-11', 'dokter seharusnya datang sesuai jadwal '),
(21, 86, '2017-04-11', 'sebaiknya poli nyaman dan bersih agar pasien nyaman.'),
(22, 87, '2017-04-11', 'dokter atau perawat harus memberikan penjelasan dengan baik agar mudah dipahami '),
(23, 88, '2017-04-11', 'dokter harus menyampaikan hasil perawatan dengan ramah, baik, dan sopan '),
(26, 91, '2017-04-12', 'sebaiknya memiliki papan petunjuk agar pasien mudah mencari poli yang dituju '),
(27, 96, '2017-04-13', 'DOKTER TERLALU LAMA DATANGNYA PASIEN LAMA MENUNGGU'),
(28, 106, '2017-04-13', 'kalau bisa untuk setiap sisi rumah sakit terdapat satpam yang berjaga supaya gak kebingungan dan bisa dengan mudah bertanya terima kasih'),
(29, 110, '2017-04-15', 'ruang tunggu kurang nyaman soalnya terllau ramai'),
(30, 169, '2017-04-21', 'papan petunjuk informasi kurang banyak'),
(31, 175, '2017-04-22', 'jadwal dokter datangnya kurang tepat'),
(32, 220, '2017-04-27', 'jadwal dan urutan pasien gak sesuai sama yang udah ada tolong diperbaiki');

-- --------------------------------------------------------

--
-- Table structure for table `log`
--

CREATE TABLE IF NOT EXISTS `log` (
`ID_LOG` int(11) NOT NULL,
  `USERNAME` varchar(100) NOT NULL,
  `AKTIVITAS` text NOT NULL,
  `WAKTU` datetime NOT NULL
) ENGINE=InnoDB  DEFAULT CHARSET=latin1 AUTO_INCREMENT=58 ;

--
-- Dumping data for table `log`
--

INSERT INTO `log` (`ID_LOG`, `USERNAME`, `AKTIVITAS`, `WAKTU`) VALUES
(3, 'isnaniyah_', 'Admin menambah data pernyataan baru, yaitu data: Perawat dan dokter berpenampilan rapi dan bersih pada kriteria : Tangible', '2017-04-12 07:10:29'),
(4, 'isnaniyah_', 'Admin menambah data pernyataan baru, yaitu data: Ruang tunggu poli bersih dan nyaman pada kriteria : Tangible', '2017-04-12 07:10:50'),
(5, 'isnaniyah_', 'Admin menambah data pernyataan baru, yaitu data: Ruang pemeriksaan poli bersih dan nyaman pada kriteria : Tangible', '2017-04-12 07:11:09'),
(6, 'isnaniyah_', 'Admin menambah data pernyataan baru, yaitu data: Memiliki papan petunjuk informasi yang jelas pada kriteria : Tangible', '2017-04-12 07:12:08'),
(7, 'isnaniyah_', 'Admin menambah data pernyataan baru, yaitu data: Prosedur pelayanan mudah dipahami pada kriteria : Reliability', '2017-04-12 07:12:53'),
(8, 'isnaniyah_', 'Admin menambah data pernyataan baru, yaitu data: Perawat dan dokter memiliki kehandalan dalam menggunakan peralatan yang ada pada kriteria : Reliability', '2017-04-12 07:14:17'),
(9, 'isnaniyah_', 'Admin menambah data pernyataan baru, yaitu data: Jadwal pelayanan pemeriksaan dimulai tepat waktu pada kriteria : Responsiveness', '2017-04-12 07:15:11'),
(10, 'isnaniyah_', 'Admin menambah data pernyataan baru, yaitu data: Jadwal kedatangan dokter jelas dan tepat waktu pada kriteria : Responsiveness', '2017-04-12 07:15:32'),
(11, 'isnaniyah_', 'Admin menambah data pernyataan baru, yaitu data: Perawat dan dokter memberikan pelayanan kesehatan dengan cepat dan akurat pada kriteria : Responsiveness', '2017-04-12 07:16:25'),
(12, 'isnaniyah_', 'Admin menambah data pernyataan baru, yaitu data: Jaminan keamanan dari pelayanan kesehatan jelas pada kriteria : Assurance', '2017-04-12 07:17:51'),
(13, 'isnaniyah_', 'Admin menambah data pernyataan baru, yaitu data: Adanya kepastian biaya yang dibebankan sesuai dengan standart pemerintah  pada kriteria : Assurance', '2017-04-12 07:19:56'),
(14, 'isnaniyah_', 'Admin menambah data pernyataan baru, yaitu data: Dokter dan perawat memiliki pengalaman dan kemampuan dalam memberikan pelayanan dibidangnya pada kriteria : Assurance', '2017-04-12 07:20:27'),
(15, 'isnaniyah_', 'Admin menambah data pernyataan baru, yaitu data: Dokter dan perawat memiliki kejujuran dan kemampuan menjaga rahasia pasien pada kriteria : Assurance', '2017-04-12 07:20:52'),
(16, 'isnaniyah_', 'Admin menambah data pernyataan baru, yaitu data: Perawat dan dokter ramah dalam memberikan pelayanan pada kriteria : Empathy', '2017-04-12 07:22:18'),
(17, 'isnaniyah_', 'Admin menambah data pernyataan baru, yaitu data: Perawat dan dokter adil adil dalam memberikan pelayanan pada kriteria : Empathy', '2017-04-12 07:22:59'),
(18, 'isnaniyah_', 'Admin mengubah data pendidikan pada data dengan nama SLTA/SMA', '2017-04-13 09:05:59'),
(19, 'isnaniyah_', 'Admin mengubah data pada Poli Urologi', '2017-04-13 09:10:25'),
(20, 'isnaniyah_', 'Admin menghapus data responden dengan nama isna', '2017-04-17 06:36:36'),
(21, 'isnaniyah_', 'Admin mengubah data pada pernyataan : Perawat dan dokter adil dalam memberikan pelayanan pada kriteria Empathy', '2017-04-17 09:21:15'),
(22, 'isnaniyah_', 'Admin menghapus data responden dengan nama Resdina A', '2017-04-17 10:51:00'),
(23, 'isnaniyah_', 'Admin menghapus data poli dengan nama Poli Gizi', '2017-04-27 08:17:12'),
(24, 'isnaniyah_', 'Admin menghapus data responden dengan nama isna', '2017-04-27 09:17:36'),
(25, 'isnaniyah_', 'Admin menambahkan data user saiful bahri pada tabel user', '2017-03-27 07:38:10'),
(26, 'isnaniyah_', 'Admin menambah data poli baru yaitu Poli Gizi', '2017-07-17 20:48:23'),
(27, 'isnaniyah_', 'Admin mengubah data pada Poli Gizi', '2017-07-17 20:48:36'),
(28, 'isnaniyah_', 'Admin menambah data poli baru yaitu fsd', '2017-07-17 20:48:55'),
(29, 'isnaniyah_', 'Admin menghapus data poli dengan nama fsd', '2017-07-17 20:49:00'),
(30, 'isnaniyah_', 'Admin memasukkan data kriteria baru dengan nama Pelayanan', '2017-07-17 20:50:29'),
(31, 'isnaniyah_', 'Admin mengubah data kriteria pada kriteria Pelayanan kesehatan', '2017-07-17 20:51:13'),
(32, 'isnaniyah_', 'Admin menambah data pernyataan baru, yaitu data: Pelayanan sehat pada kriteria : Pelayanan kesehatan', '2017-07-17 20:58:33'),
(33, 'isnaniyah_', 'Admin mengubah data pada pernyataan : Pelayanan sehat pada kriteria Pelayanan kesehatan', '2017-07-17 20:59:18'),
(34, 'isnaniyah_', 'Admin menghapus pernyataan : Pelayanan sehat pada kriteria : Pelayanan kesehatan', '2017-07-17 20:59:28'),
(35, 'isnaniyah_', 'Admin menambah data pernyataan baru, yaitu data: sfs pada kriteria : Pelayanan kesehatan', '2017-07-17 21:00:27'),
(36, 'isnaniyah_', 'Admin menghapus pernyataan : sfs pada kriteria : Pelayanan kesehatan', '2017-07-17 21:00:35'),
(37, 'isnaniyah_', 'Admin menghapus data kriteria dengan nama kriteria Pelayanan kesehatan', '2017-07-17 21:01:00'),
(38, 'isnaniyah_', 'Admin memasukkan data kriteria baru dengan nama sdfc', '2017-07-17 21:01:22'),
(39, 'isnaniyah_', 'Admin menambah data pernyataan baru, yaitu data: dv pada kriteria : sdfc', '2017-07-17 21:01:38'),
(40, 'isnaniyah_', 'Admin menambah data pernyataan baru, yaitu data: sfs pada kriteria : sdfc', '2017-07-17 21:01:55'),
(41, 'isnaniyah_', 'Admin menghapus pernyataan : sfs pada kriteria : sdfc', '2017-07-17 21:02:33'),
(42, 'isnaniyah_', 'Admin menghapus pernyataan : dv pada kriteria : sdfc', '2017-07-17 21:02:39'),
(43, 'isnaniyah_', 'Admin menghapus data kriteria dengan nama kriteria sdfc', '2017-07-17 21:04:25'),
(44, 'isnaniyah_', 'Admin menghapus data poli dengan nama Poli Gizi', '2017-07-17 21:06:19'),
(45, 'isnaniyah_', 'Admin menambah data poli baru yaitu Poli Gizi', '2017-07-18 22:37:16'),
(46, 'isnaniyah_', 'Admin mengubah data pada Poli Gizi', '2017-07-18 22:37:23'),
(47, 'isnaniyah_', 'Admin menghapus data poli dengan nama Poli Gizi', '2017-07-18 22:37:27'),
(48, 'isnaniyah_', 'Admin memasukkan data kriteria baru dengan nama Pelayanan kesehatan', '2017-07-18 22:37:36'),
(49, 'isnaniyah_', 'Admin menambah data pernyataan baru, yaitu data: Pelayanan sehat pada kriteria : Pelayanan kesehatan', '2017-07-18 22:38:00'),
(50, 'isnaniyah_', 'Admin menambah data pernyataan baru, yaitu data: efvewfvwevw pada kriteria : Pelayanan kesehatan', '2017-07-18 22:38:18'),
(51, 'isnaniyah_', 'Admin mengubah data pada pernyataan : Pelayanan sehat pada kriteria Pelayanan kesehatan', '2017-07-18 22:38:28'),
(52, 'isnaniyah_', 'Admin menambah data pernyataan baru, yaitu data: sfs pada kriteria : Pelayanan kesehatan', '2017-07-18 22:38:45'),
(53, 'isnaniyah_', 'Admin menghapus pernyataan : sfs pada kriteria : Pelayanan kesehatan', '2017-07-18 22:38:51'),
(54, 'isnaniyah_', 'Admin mengubah data kriteria pada kriteria Pelayanan kkkesehatan', '2017-07-18 22:39:42'),
(55, 'isnaniyah_', 'Admin menghapus data responden dengan nama fewf', '2017-07-18 22:41:05'),
(56, 'isnaniyah_', 'Admin menghapus data periode Juli - 2017', '2017-07-18 22:41:43'),
(57, 'isnaniyah_', 'Admin menghapus data kriteria dengan nama kriteria Pelayanan kkkesehatan', '2017-07-18 23:37:10');

-- --------------------------------------------------------

--
-- Table structure for table `nilai_akhir`
--

CREATE TABLE IF NOT EXISTS `nilai_akhir` (
`ID_RANKING` int(11) NOT NULL,
  `ID_POLI` int(11) NOT NULL,
  `ID_PERIODE` int(11) NOT NULL,
  `JUMLAH_PERBAIKAN` int(11) NOT NULL,
  `NILAI_AKHIR` decimal(11,4) DEFAULT NULL
) ENGINE=InnoDB  DEFAULT CHARSET=latin1 AUTO_INCREMENT=12 ;

--
-- Dumping data for table `nilai_akhir`
--

INSERT INTO `nilai_akhir` (`ID_RANKING`, `ID_POLI`, `ID_PERIODE`, `JUMLAH_PERBAIKAN`, `NILAI_AKHIR`) VALUES
(4, 1, 1, 15, '0.9255'),
(5, 4, 1, 15, '0.9673'),
(6, 3, 1, 15, '0.9467'),
(7, 2, 1, 15, '0.9237'),
(8, 7, 1, 15, '0.9495'),
(9, 8, 1, 15, '0.9281'),
(10, 6, 1, 15, '0.9265'),
(11, 9, 1, 15, '0.9830');

-- --------------------------------------------------------

--
-- Table structure for table `nilai_perhitungan`
--

CREATE TABLE IF NOT EXISTS `nilai_perhitungan` (
`ID_NILAI_PERHITUNGAN` int(11) NOT NULL,
  `ID_POLI` int(11) NOT NULL,
  `ID_PERIODE` int(11) NOT NULL,
  `ID_SUB` int(11) NOT NULL,
  `RATA_PERSEPSI` decimal(11,4) NOT NULL,
  `RATA_HARAPAN` decimal(11,4) NOT NULL,
  `NILAI_SERVQUAL` decimal(11,4) NOT NULL,
  `NILAI_MATRIKS` decimal(11,4) NOT NULL,
  `NILAI_NORMALISASI` decimal(11,4) NOT NULL
) ENGINE=InnoDB  DEFAULT CHARSET=latin1 AUTO_INCREMENT=137 ;

--
-- Dumping data for table `nilai_perhitungan`
--

INSERT INTO `nilai_perhitungan` (`ID_NILAI_PERHITUNGAN`, `ID_POLI`, `ID_PERIODE`, `ID_SUB`, `RATA_PERSEPSI`, `RATA_HARAPAN`, `NILAI_SERVQUAL`, `NILAI_MATRIKS`, `NILAI_NORMALISASI`) VALUES
(17, 1, 1, 1, '4.2700', '4.8700', '-0.6000', '0.4400', '0.9362'),
(18, 1, 1, 2, '4.1000', '4.8000', '-0.7000', '0.4300', '0.9556'),
(19, 1, 1, 3, '4.5300', '4.9000', '-0.3700', '0.4600', '0.9388'),
(20, 1, 1, 4, '4.3000', '4.8000', '-0.5000', '0.4500', '0.9783'),
(21, 1, 1, 5, '4.1000', '4.8000', '-0.7000', '0.4300', '0.9773'),
(22, 1, 1, 6, '4.3700', '4.8700', '-0.5000', '0.4500', '0.9508'),
(23, 1, 1, 7, '4.1000', '4.8000', '-0.7000', '0.4300', '0.8958'),
(24, 1, 1, 8, '2.9000', '4.8700', '-1.9700', '0.3000', '0.6383'),
(25, 1, 1, 9, '4.2300', '4.8000', '-0.5700', '0.4400', '0.9167'),
(26, 1, 1, 10, '4.3300', '4.8300', '-0.5000', '0.4500', '0.9574'),
(27, 1, 1, 11, '4.3700', '4.8700', '-0.5000', '0.4500', '0.9184'),
(28, 1, 1, 12, '4.5300', '4.8000', '-0.2700', '0.4700', '0.9592'),
(29, 1, 1, 13, '4.4000', '4.8300', '-0.4300', '0.4600', '0.9388'),
(30, 1, 1, 14, '4.5700', '4.8000', '-0.2300', '0.4800', '0.9600'),
(31, 1, 1, 15, '4.5000', '4.8700', '-0.3700', '0.4600', '0.9388'),
(32, 4, 1, 1, '4.4700', '4.9000', '-0.4300', '0.4600', '0.9787'),
(33, 4, 1, 2, '4.4000', '4.9300', '-0.5300', '0.4500', '1.0000'),
(34, 4, 1, 3, '4.7300', '4.9000', '-0.1700', '0.4800', '0.9796'),
(35, 4, 1, 4, '4.4700', '4.9000', '-0.4300', '0.4600', '1.0000'),
(36, 4, 1, 5, '4.2300', '4.9700', '-0.7300', '0.4300', '0.9773'),
(37, 4, 1, 6, '4.5000', '4.9300', '-0.4300', '0.4600', '0.9719'),
(38, 4, 1, 7, '4.3700', '4.9700', '-0.6000', '0.4400', '0.9167'),
(39, 4, 1, 8, '4.4000', '4.9700', '-0.5700', '0.4400', '0.9362'),
(40, 4, 1, 9, '4.6300', '4.8700', '-0.2300', '0.4800', '1.0000'),
(41, 4, 1, 10, '4.5000', '4.8300', '-0.3300', '0.4700', '1.0000'),
(42, 4, 1, 11, '4.6700', '4.8300', '-0.1700', '0.4800', '0.9796'),
(43, 4, 1, 12, '4.6000', '4.9300', '-0.3300', '0.4700', '0.9592'),
(44, 4, 1, 13, '4.5300', '4.9300', '-0.4000', '0.4600', '0.9388'),
(45, 4, 1, 14, '4.5700', '4.9000', '-0.3300', '0.4700', '0.9400'),
(46, 4, 1, 15, '4.6300', '4.9000', '-0.2700', '0.4700', '0.9592'),
(47, 3, 1, 1, '4.3700', '4.8700', '-0.5000', '0.4500', '0.9574'),
(48, 3, 1, 2, '4.0700', '4.8300', '-0.7700', '0.4200', '0.9333'),
(49, 3, 1, 3, '4.5700', '4.9300', '-0.3700', '0.4600', '0.9388'),
(50, 3, 1, 4, '3.9000', '4.8700', '-0.9700', '0.4000', '0.8696'),
(51, 3, 1, 5, '4.0700', '4.8300', '-0.7700', '0.4200', '0.9545'),
(52, 3, 1, 6, '4.3700', '4.7700', '-0.4000', '0.4600', '0.9719'),
(53, 3, 1, 7, '4.3000', '4.7300', '-0.4300', '0.4600', '0.9583'),
(54, 3, 1, 8, '4.1000', '4.8700', '-0.7700', '0.4200', '0.8936'),
(55, 3, 1, 9, '4.5000', '4.9000', '-0.4000', '0.4600', '0.9583'),
(56, 3, 1, 10, '4.2000', '4.8300', '-0.6300', '0.4400', '0.9362'),
(57, 3, 1, 11, '4.6000', '4.8300', '-0.2300', '0.4800', '0.9796'),
(58, 3, 1, 12, '4.4300', '4.8300', '-0.4000', '0.4600', '0.9388'),
(59, 3, 1, 13, '4.5000', '4.9000', '-0.4000', '0.4600', '0.9388'),
(60, 3, 1, 14, '4.5700', '4.8700', '-0.3000', '0.4700', '0.9400'),
(61, 3, 1, 15, '4.5300', '4.8700', '-0.3300', '0.4700', '0.9592'),
(62, 2, 1, 1, '4.0700', '4.6700', '-0.6000', '0.4400', '0.9362'),
(63, 2, 1, 2, '3.9000', '4.7300', '-0.8300', '0.4200', '0.9333'),
(64, 2, 1, 3, '4.2700', '4.6000', '-0.3300', '0.4700', '0.9592'),
(65, 2, 1, 4, '3.6000', '4.5300', '-0.9300', '0.4100', '0.8913'),
(66, 2, 1, 5, '3.6000', '4.7300', '-1.1300', '0.3900', '0.8864'),
(67, 2, 1, 6, '4.2000', '4.6000', '-0.4000', '0.4600', '0.9719'),
(68, 2, 1, 7, '3.9000', '4.7000', '-0.8000', '0.4200', '0.8750'),
(69, 2, 1, 8, '3.7300', '4.7000', '-0.9700', '0.4000', '0.8511'),
(70, 2, 1, 9, '3.9000', '4.6700', '-0.7700', '0.4200', '0.8750'),
(71, 2, 1, 10, '4.3000', '4.7300', '-0.4300', '0.4600', '0.9787'),
(72, 2, 1, 11, '4.3000', '4.7000', '-0.4000', '0.4600', '0.9388'),
(73, 2, 1, 12, '4.2300', '4.7000', '-0.4700', '0.4500', '0.9184'),
(74, 2, 1, 13, '3.9300', '4.6700', '-0.7300', '0.4300', '0.8776'),
(75, 2, 1, 14, '4.3700', '4.7700', '-0.4000', '0.4600', '0.9200'),
(76, 2, 1, 15, '4.2300', '4.5300', '-0.3000', '0.4700', '0.9592'),
(77, 7, 1, 1, '4.3333', '4.8667', '-0.5333', '0.4467', '0.9504'),
(78, 7, 1, 2, '4.1000', '4.8000', '-0.7000', '0.4300', '0.9556'),
(79, 7, 1, 3, '4.7000', '4.8000', '-0.1000', '0.4900', '1.0000'),
(80, 7, 1, 4, '4.3667', '4.8667', '-0.5000', '0.4500', '0.9783'),
(81, 7, 1, 5, '4.2667', '4.8667', '-0.6000', '0.4400', '1.0000'),
(82, 7, 1, 6, '4.6000', '4.8667', '-0.2667', '0.4733', '1.0000'),
(83, 7, 1, 7, '3.9000', '4.8333', '-0.9333', '0.4067', '0.8473'),
(84, 7, 1, 8, '4.0333', '4.8667', '-0.8333', '0.4167', '0.8866'),
(85, 7, 1, 9, '4.3667', '4.9333', '-0.5667', '0.4433', '0.9235'),
(86, 7, 1, 10, '4.4000', '4.9000', '-0.5000', '0.4500', '0.9574'),
(87, 7, 1, 11, '4.5000', '4.8333', '-0.3333', '0.4667', '0.9524'),
(88, 7, 1, 12, '4.5667', '4.8667', '-0.3000', '0.4700', '0.9592'),
(89, 7, 1, 13, '4.5000', '4.9000', '-0.4000', '0.4600', '0.9388'),
(90, 7, 1, 14, '4.5333', '4.9333', '-0.4000', '0.4600', '0.9200'),
(91, 7, 1, 15, '4.6000', '4.9333', '-0.3333', '0.4667', '0.9524'),
(92, 8, 1, 1, '4.3700', '4.9700', '-0.6000', '0.4400', '0.9362'),
(93, 8, 1, 2, '4.2000', '4.8700', '-0.6700', '0.4300', '0.9556'),
(94, 8, 1, 3, '4.3300', '4.9300', '-0.6000', '0.4400', '0.8980'),
(95, 8, 1, 4, '4.2000', '4.9700', '-0.7700', '0.4200', '0.9130'),
(96, 8, 1, 5, '4.1300', '4.9000', '-0.7700', '0.4200', '0.9545'),
(97, 8, 1, 6, '4.3300', '4.9000', '-0.5700', '0.4400', '0.9296'),
(98, 8, 1, 7, '4.0000', '4.9700', '-0.9700', '0.4000', '0.8333'),
(99, 8, 1, 8, '4.0700', '4.8300', '-0.7700', '0.4200', '0.8936'),
(100, 8, 1, 9, '4.5700', '4.9000', '-0.3300', '0.4700', '0.9792'),
(101, 8, 1, 10, '4.5000', '4.9000', '-0.4000', '0.4600', '0.9787'),
(102, 8, 1, 11, '4.6700', '4.9700', '-0.3000', '0.4700', '0.9592'),
(103, 8, 1, 12, '4.4300', '4.9000', '-0.4700', '0.4500', '0.9184'),
(104, 8, 1, 13, '4.5000', '4.9300', '-0.4300', '0.4600', '0.9388'),
(105, 8, 1, 14, '4.4700', '4.9000', '-0.4300', '0.4600', '0.9200'),
(106, 8, 1, 15, '4.4700', '4.9300', '-0.4700', '0.4500', '0.9184'),
(107, 6, 1, 1, '4.3700', '4.9300', '-0.5700', '0.4400', '0.9362'),
(108, 6, 1, 2, '4.4700', '4.9700', '-0.5000', '0.4500', '1.0000'),
(109, 6, 1, 3, '4.4700', '4.9000', '-0.4300', '0.4600', '0.9388'),
(110, 6, 1, 4, '4.2000', '4.8300', '-0.6300', '0.4400', '0.9565'),
(111, 6, 1, 5, '4.1300', '4.8300', '-0.7000', '0.4300', '0.9773'),
(112, 6, 1, 6, '4.1700', '4.8300', '-0.6700', '0.4300', '0.9085'),
(113, 6, 1, 7, '4.2300', '4.9300', '-0.7000', '0.4300', '0.8958'),
(114, 6, 1, 8, '3.9700', '4.9700', '-1.0000', '0.4000', '0.8511'),
(115, 6, 1, 9, '4.3700', '4.7700', '-0.4000', '0.4600', '0.9583'),
(116, 6, 1, 10, '4.5300', '4.9300', '-0.4000', '0.4600', '0.9787'),
(117, 6, 1, 11, '4.4300', '4.9700', '-0.5300', '0.4500', '0.9184'),
(118, 6, 1, 12, '4.4300', '4.9000', '-0.4700', '0.4500', '0.9184'),
(119, 6, 1, 13, '4.1000', '4.8300', '-0.7300', '0.4300', '0.8776'),
(120, 6, 1, 14, '4.3700', '4.9000', '-0.5300', '0.4500', '0.9000'),
(121, 6, 1, 15, '4.5300', '4.9000', '-0.3700', '0.4600', '0.9388'),
(122, 9, 1, 1, '4.6700', '4.9700', '-0.3000', '0.4700', '1.0000'),
(123, 9, 1, 2, '4.3300', '4.9700', '-0.6300', '0.4400', '0.9778'),
(124, 9, 1, 3, '4.6000', '4.9700', '-0.3700', '0.4600', '0.9388'),
(125, 9, 1, 4, '3.9000', '4.9700', '-1.0700', '0.3900', '0.8478'),
(126, 9, 1, 5, '3.8700', '4.9700', '-1.1000', '0.3900', '0.8864'),
(127, 9, 1, 6, '4.7000', '4.9700', '-0.2700', '0.4700', '0.9930'),
(128, 9, 1, 7, '4.7700', '4.9700', '-0.2000', '0.4800', '1.0000'),
(129, 9, 1, 8, '4.7000', '4.9700', '-0.2700', '0.4700', '1.0000'),
(130, 9, 1, 9, '4.7300', '4.9000', '-0.1700', '0.4800', '1.0000'),
(131, 9, 1, 10, '4.6700', '4.9700', '-0.3000', '0.4700', '1.0000'),
(132, 9, 1, 11, '4.8700', '4.9700', '-0.1000', '0.4900', '1.0000'),
(133, 9, 1, 12, '4.8300', '4.9700', '-0.1300', '0.4900', '1.0000'),
(134, 9, 1, 13, '4.8300', '4.9700', '-0.1300', '0.4900', '1.0000'),
(135, 9, 1, 14, '4.9300', '4.9700', '-0.0300', '0.5000', '1.0000'),
(136, 9, 1, 15, '4.9000', '4.9700', '-0.0700', '0.4900', '1.0000');

-- --------------------------------------------------------

--
-- Table structure for table `nilai_survei`
--

CREATE TABLE IF NOT EXISTS `nilai_survei` (
`ID_SURVEI` int(11) NOT NULL,
  `ID_RESPONDEN` int(11) NOT NULL,
  `ID_POLI` int(11) NOT NULL,
  `ID_SUB` int(11) NOT NULL,
  `ID_PERIODE` int(11) NOT NULL,
  `NILAI_PERSEPSI` int(11) NOT NULL,
  `NILAI_HARAPAN` int(11) NOT NULL
) ENGINE=InnoDB  DEFAULT CHARSET=latin1 AUTO_INCREMENT=3933 ;

--
-- Dumping data for table `nilai_survei`
--

INSERT INTO `nilai_survei` (`ID_SURVEI`, `ID_RESPONDEN`, `ID_POLI`, `ID_SUB`, `ID_PERIODE`, `NILAI_PERSEPSI`, `NILAI_HARAPAN`) VALUES
(18, 2, 1, 1, 1, 5, 5),
(19, 2, 1, 2, 1, 5, 5),
(20, 2, 1, 3, 1, 5, 5),
(21, 2, 1, 4, 1, 5, 5),
(22, 2, 1, 5, 1, 4, 5),
(23, 2, 1, 6, 1, 5, 5),
(24, 2, 1, 7, 1, 5, 5),
(25, 2, 1, 8, 1, 1, 5),
(26, 2, 1, 9, 1, 5, 5),
(27, 2, 1, 10, 1, 5, 5),
(28, 2, 1, 11, 1, 5, 5),
(29, 2, 1, 12, 1, 5, 5),
(30, 2, 1, 13, 1, 5, 5),
(31, 2, 1, 14, 1, 5, 5),
(32, 2, 1, 15, 1, 5, 5),
(33, 3, 4, 1, 1, 5, 5),
(34, 3, 4, 2, 1, 5, 5),
(35, 3, 4, 3, 1, 5, 5),
(36, 3, 4, 4, 1, 5, 5),
(37, 3, 4, 5, 1, 5, 5),
(38, 3, 4, 6, 1, 5, 5),
(39, 3, 4, 7, 1, 5, 5),
(40, 3, 4, 8, 1, 5, 5),
(41, 3, 4, 9, 1, 5, 5),
(42, 3, 4, 10, 1, 5, 5),
(43, 3, 4, 11, 1, 5, 5),
(44, 3, 4, 12, 1, 4, 5),
(45, 3, 4, 13, 1, 5, 5),
(46, 3, 4, 14, 1, 5, 4),
(47, 3, 4, 15, 1, 4, 4),
(48, 5, 4, 1, 1, 4, 3),
(49, 5, 4, 2, 1, 4, 5),
(50, 5, 4, 3, 1, 4, 4),
(51, 5, 4, 4, 1, 3, 3),
(52, 5, 4, 5, 1, 3, 5),
(53, 5, 4, 6, 1, 4, 5),
(54, 5, 4, 7, 1, 3, 5),
(55, 5, 4, 8, 1, 3, 5),
(56, 5, 4, 9, 1, 5, 5),
(57, 5, 4, 10, 1, 4, 3),
(58, 5, 4, 11, 1, 4, 3),
(59, 5, 4, 12, 1, 4, 5),
(60, 5, 4, 13, 1, 5, 5),
(61, 5, 4, 14, 1, 3, 4),
(62, 5, 4, 15, 1, 4, 4),
(63, 6, 4, 1, 1, 4, 5),
(64, 6, 4, 2, 1, 4, 4),
(65, 6, 4, 3, 1, 4, 5),
(66, 6, 4, 4, 1, 4, 5),
(67, 6, 4, 5, 1, 4, 5),
(68, 6, 4, 6, 1, 5, 5),
(69, 6, 4, 7, 1, 3, 5),
(70, 6, 4, 8, 1, 3, 5),
(71, 6, 4, 9, 1, 5, 4),
(72, 6, 4, 10, 1, 3, 5),
(73, 6, 4, 11, 1, 3, 5),
(74, 6, 4, 12, 1, 5, 5),
(75, 6, 4, 13, 1, 3, 5),
(76, 6, 4, 14, 1, 5, 5),
(77, 6, 4, 15, 1, 5, 5),
(78, 7, 3, 1, 1, 5, 5),
(79, 7, 3, 2, 1, 4, 5),
(80, 7, 3, 3, 1, 5, 5),
(81, 7, 3, 4, 1, 5, 5),
(82, 7, 3, 5, 1, 5, 5),
(83, 7, 3, 6, 1, 4, 5),
(84, 7, 3, 7, 1, 5, 5),
(85, 7, 3, 8, 1, 5, 5),
(86, 7, 3, 9, 1, 5, 5),
(87, 7, 3, 10, 1, 5, 5),
(88, 7, 3, 11, 1, 5, 5),
(89, 7, 3, 12, 1, 4, 5),
(90, 7, 3, 13, 1, 5, 5),
(91, 7, 3, 14, 1, 5, 5),
(92, 7, 3, 15, 1, 5, 5),
(93, 8, 2, 1, 1, 4, 5),
(94, 8, 2, 2, 1, 4, 5),
(95, 8, 2, 3, 1, 5, 5),
(96, 8, 2, 4, 1, 5, 5),
(97, 8, 2, 5, 1, 5, 5),
(98, 8, 2, 6, 1, 5, 5),
(99, 8, 2, 7, 1, 5, 5),
(100, 8, 2, 8, 1, 5, 5),
(101, 8, 2, 9, 1, 5, 5),
(102, 8, 2, 10, 1, 5, 5),
(103, 8, 2, 11, 1, 5, 5),
(104, 8, 2, 12, 1, 5, 5),
(105, 8, 2, 13, 1, 5, 5),
(106, 8, 2, 14, 1, 5, 5),
(107, 8, 2, 15, 1, 5, 5),
(108, 9, 7, 1, 1, 4, 4),
(109, 9, 7, 2, 1, 4, 5),
(110, 9, 7, 3, 1, 5, 5),
(111, 9, 7, 4, 1, 5, 5),
(112, 9, 7, 5, 1, 5, 4),
(113, 9, 7, 6, 1, 4, 5),
(114, 9, 7, 7, 1, 4, 5),
(115, 9, 7, 8, 1, 5, 5),
(116, 9, 7, 9, 1, 4, 5),
(117, 9, 7, 10, 1, 5, 5),
(118, 9, 7, 11, 1, 5, 5),
(119, 9, 7, 12, 1, 5, 5),
(120, 9, 7, 13, 1, 5, 5),
(121, 9, 7, 14, 1, 5, 5),
(122, 9, 7, 15, 1, 5, 5),
(123, 10, 8, 1, 1, 4, 5),
(124, 10, 8, 2, 1, 5, 5),
(125, 10, 8, 3, 1, 4, 5),
(126, 10, 8, 4, 1, 2, 5),
(127, 10, 8, 5, 1, 5, 5),
(128, 10, 8, 6, 1, 3, 5),
(129, 10, 8, 7, 1, 4, 5),
(130, 10, 8, 8, 1, 4, 5),
(131, 10, 8, 9, 1, 4, 5),
(132, 10, 8, 10, 1, 4, 5),
(133, 10, 8, 11, 1, 5, 5),
(134, 10, 8, 12, 1, 3, 4),
(135, 10, 8, 13, 1, 4, 4),
(136, 10, 8, 14, 1, 5, 5),
(137, 10, 8, 15, 1, 5, 5),
(138, 11, 2, 1, 1, 4, 4),
(139, 11, 2, 2, 1, 3, 2),
(140, 11, 2, 3, 1, 4, 5),
(141, 11, 2, 4, 1, 2, 3),
(142, 11, 2, 5, 1, 1, 4),
(143, 11, 2, 6, 1, 2, 3),
(144, 11, 2, 7, 1, 3, 4),
(145, 11, 2, 8, 1, 2, 3),
(146, 11, 2, 9, 1, 2, 4),
(147, 11, 2, 10, 1, 2, 4),
(148, 11, 2, 11, 1, 1, 3),
(149, 11, 2, 12, 1, 4, 5),
(150, 11, 2, 13, 1, 3, 3),
(151, 11, 2, 14, 1, 3, 5),
(152, 11, 2, 15, 1, 4, 3),
(153, 12, 7, 1, 1, 3, 3),
(154, 12, 7, 2, 1, 4, 3),
(155, 12, 7, 3, 1, 4, 3),
(156, 12, 7, 4, 1, 2, 2),
(157, 12, 7, 5, 1, 4, 4),
(158, 12, 7, 6, 1, 5, 4),
(159, 12, 7, 7, 1, 2, 2),
(160, 12, 7, 8, 1, 3, 3),
(161, 12, 7, 9, 1, 4, 4),
(162, 12, 7, 10, 1, 4, 4),
(163, 12, 7, 11, 1, 2, 2),
(164, 12, 7, 12, 1, 3, 3),
(165, 12, 7, 13, 1, 4, 4),
(166, 12, 7, 14, 1, 4, 4),
(167, 12, 7, 15, 1, 5, 5),
(168, 13, 8, 1, 1, 5, 5),
(169, 13, 8, 2, 1, 5, 5),
(170, 13, 8, 3, 1, 5, 5),
(171, 13, 8, 4, 1, 5, 5),
(172, 13, 8, 5, 1, 5, 5),
(173, 13, 8, 6, 1, 5, 5),
(174, 13, 8, 7, 1, 3, 5),
(175, 13, 8, 8, 1, 3, 5),
(176, 13, 8, 9, 1, 4, 5),
(177, 13, 8, 10, 1, 5, 5),
(178, 13, 8, 11, 1, 5, 5),
(179, 13, 8, 12, 1, 5, 5),
(180, 13, 8, 13, 1, 5, 5),
(181, 13, 8, 14, 1, 5, 5),
(182, 13, 8, 15, 1, 5, 5),
(183, 14, 7, 1, 1, 3, 4),
(184, 14, 7, 2, 1, 3, 3),
(185, 14, 7, 3, 1, 4, 5),
(186, 14, 7, 4, 1, 5, 5),
(187, 14, 7, 5, 1, 3, 5),
(188, 14, 7, 6, 1, 3, 5),
(189, 14, 7, 7, 1, 2, 5),
(190, 14, 7, 8, 1, 1, 5),
(191, 14, 7, 9, 1, 5, 5),
(192, 14, 7, 10, 1, 3, 5),
(193, 14, 7, 11, 1, 3, 5),
(194, 14, 7, 12, 1, 5, 5),
(195, 14, 7, 13, 1, 4, 5),
(196, 14, 7, 14, 1, 4, 5),
(197, 14, 7, 15, 1, 2, 5),
(198, 16, 4, 1, 1, 5, 5),
(199, 16, 4, 2, 1, 5, 5),
(200, 16, 4, 3, 1, 5, 5),
(201, 16, 4, 4, 1, 5, 5),
(202, 16, 4, 5, 1, 5, 5),
(203, 16, 4, 6, 1, 5, 5),
(204, 16, 4, 7, 1, 5, 5),
(205, 16, 4, 8, 1, 5, 5),
(206, 16, 4, 9, 1, 5, 5),
(207, 16, 4, 10, 1, 5, 5),
(208, 16, 4, 11, 1, 5, 5),
(209, 16, 4, 12, 1, 5, 5),
(210, 16, 4, 13, 1, 5, 5),
(211, 16, 4, 14, 1, 5, 5),
(212, 16, 4, 15, 1, 5, 5),
(213, 17, 1, 1, 1, 5, 5),
(214, 17, 1, 2, 1, 4, 5),
(215, 17, 1, 3, 1, 4, 5),
(216, 17, 1, 4, 1, 4, 4),
(217, 17, 1, 5, 1, 4, 5),
(218, 17, 1, 6, 1, 4, 5),
(219, 17, 1, 7, 1, 2, 5),
(220, 17, 1, 8, 1, 1, 5),
(221, 17, 1, 9, 1, 4, 4),
(222, 17, 1, 10, 1, 3, 4),
(223, 17, 1, 11, 1, 5, 5),
(224, 17, 1, 12, 1, 4, 5),
(225, 17, 1, 13, 1, 4, 5),
(226, 17, 1, 14, 1, 5, 5),
(227, 17, 1, 15, 1, 5, 5),
(228, 18, 7, 1, 1, 3, 5),
(229, 18, 7, 2, 1, 3, 3),
(230, 18, 7, 3, 1, 4, 3),
(231, 18, 7, 4, 1, 4, 4),
(232, 18, 7, 5, 1, 4, 4),
(233, 18, 7, 6, 1, 3, 3),
(234, 18, 7, 7, 1, 3, 3),
(235, 18, 7, 8, 1, 3, 3),
(236, 18, 7, 9, 1, 4, 4),
(237, 18, 7, 10, 1, 3, 3),
(238, 18, 7, 11, 1, 4, 4),
(239, 18, 7, 12, 1, 3, 3),
(240, 18, 7, 13, 1, 3, 3),
(241, 18, 7, 14, 1, 4, 4),
(242, 18, 7, 15, 1, 3, 3),
(258, 19, 3, 1, 1, 3, 4),
(259, 19, 3, 2, 1, 4, 4),
(260, 19, 3, 3, 1, 4, 5),
(261, 19, 3, 4, 1, 4, 5),
(262, 19, 3, 5, 1, 3, 4),
(263, 19, 3, 6, 1, 5, 4),
(264, 19, 3, 7, 1, 5, 4),
(265, 19, 3, 8, 1, 4, 4),
(266, 19, 3, 9, 1, 4, 4),
(267, 19, 3, 10, 1, 4, 4),
(268, 19, 3, 11, 1, 4, 3),
(269, 19, 3, 12, 1, 5, 4),
(270, 19, 3, 13, 1, 4, 5),
(271, 19, 3, 14, 1, 4, 4),
(272, 19, 3, 15, 1, 4, 4),
(273, 15, 7, 1, 1, 5, 5),
(274, 15, 7, 2, 1, 5, 5),
(275, 15, 7, 3, 1, 5, 5),
(276, 15, 7, 4, 1, 4, 5),
(277, 15, 7, 5, 1, 4, 5),
(278, 15, 7, 6, 1, 5, 5),
(279, 15, 7, 7, 1, 2, 5),
(280, 15, 7, 8, 1, 3, 5),
(281, 15, 7, 9, 1, 3, 5),
(282, 15, 7, 10, 1, 3, 5),
(283, 15, 7, 11, 1, 4, 5),
(284, 15, 7, 12, 1, 3, 5),
(285, 15, 7, 13, 1, 3, 5),
(286, 15, 7, 14, 1, 3, 5),
(287, 15, 7, 15, 1, 4, 5),
(288, 20, 6, 1, 1, 4, 5),
(289, 20, 6, 2, 1, 4, 5),
(290, 20, 6, 3, 1, 4, 5),
(291, 20, 6, 4, 1, 4, 4),
(292, 20, 6, 5, 1, 4, 4),
(293, 20, 6, 6, 1, 4, 4),
(294, 20, 6, 7, 1, 5, 5),
(295, 20, 6, 8, 1, 4, 5),
(296, 20, 6, 9, 1, 5, 5),
(297, 20, 6, 10, 1, 4, 5),
(298, 20, 6, 11, 1, 5, 5),
(299, 20, 6, 12, 1, 5, 5),
(300, 20, 6, 13, 1, 4, 3),
(301, 20, 6, 14, 1, 5, 5),
(302, 20, 6, 15, 1, 4, 5),
(303, 21, 1, 1, 1, 5, 5),
(304, 21, 1, 2, 1, 5, 5),
(305, 21, 1, 3, 1, 5, 5),
(306, 21, 1, 4, 1, 5, 5),
(307, 21, 1, 5, 1, 4, 4),
(308, 21, 1, 6, 1, 5, 5),
(309, 21, 1, 7, 1, 3, 5),
(310, 21, 1, 8, 1, 1, 5),
(311, 21, 1, 9, 1, 4, 5),
(312, 21, 1, 10, 1, 3, 4),
(313, 21, 1, 11, 1, 3, 5),
(314, 21, 1, 12, 1, 4, 5),
(315, 21, 1, 13, 1, 4, 4),
(316, 21, 1, 14, 1, 5, 5),
(317, 21, 1, 15, 1, 5, 5),
(333, 23, 2, 1, 1, 5, 5),
(334, 23, 2, 2, 1, 4, 5),
(335, 23, 2, 3, 1, 5, 5),
(336, 23, 2, 4, 1, 3, 4),
(337, 23, 2, 5, 1, 4, 4),
(338, 23, 2, 6, 1, 5, 4),
(339, 23, 2, 7, 1, 4, 5),
(340, 23, 2, 8, 1, 4, 5),
(341, 23, 2, 9, 1, 4, 5),
(342, 23, 2, 10, 1, 5, 5),
(343, 23, 2, 11, 1, 4, 5),
(344, 23, 2, 12, 1, 4, 5),
(345, 23, 2, 13, 1, 4, 5),
(346, 23, 2, 14, 1, 5, 5),
(347, 23, 2, 15, 1, 5, 5),
(348, 24, 2, 1, 1, 5, 5),
(349, 24, 2, 2, 1, 5, 5),
(350, 24, 2, 3, 1, 5, 5),
(351, 24, 2, 4, 1, 4, 5),
(352, 24, 2, 5, 1, 4, 5),
(353, 24, 2, 6, 1, 5, 5),
(354, 24, 2, 7, 1, 4, 5),
(355, 24, 2, 8, 1, 4, 5),
(356, 24, 2, 9, 1, 4, 5),
(357, 24, 2, 10, 1, 4, 5),
(358, 24, 2, 11, 1, 5, 5),
(359, 24, 2, 12, 1, 5, 5),
(360, 24, 2, 13, 1, 4, 5),
(361, 24, 2, 14, 1, 5, 5),
(362, 24, 2, 15, 1, 5, 5),
(363, 25, 3, 1, 1, 5, 5),
(364, 25, 3, 2, 1, 5, 5),
(365, 25, 3, 3, 1, 5, 5),
(366, 25, 3, 4, 1, 4, 5),
(367, 25, 3, 5, 1, 4, 4),
(368, 25, 3, 6, 1, 4, 4),
(369, 25, 3, 7, 1, 4, 4),
(370, 25, 3, 8, 1, 5, 5),
(371, 25, 3, 9, 1, 5, 5),
(372, 25, 3, 10, 1, 5, 5),
(373, 25, 3, 11, 1, 5, 5),
(374, 25, 3, 12, 1, 4, 5),
(375, 25, 3, 13, 1, 5, 5),
(376, 25, 3, 14, 1, 5, 5),
(377, 25, 3, 15, 1, 5, 5),
(378, 26, 1, 1, 1, 5, 5),
(379, 26, 1, 2, 1, 5, 5),
(380, 26, 1, 3, 1, 5, 5),
(381, 26, 1, 4, 1, 5, 5),
(382, 26, 1, 5, 1, 4, 5),
(383, 26, 1, 6, 1, 5, 5),
(384, 26, 1, 7, 1, 3, 5),
(385, 26, 1, 8, 1, 1, 5),
(386, 26, 1, 9, 1, 3, 5),
(387, 26, 1, 10, 1, 5, 5),
(388, 26, 1, 11, 1, 5, 5),
(389, 26, 1, 12, 1, 5, 5),
(390, 26, 1, 13, 1, 5, 5),
(391, 26, 1, 14, 1, 5, 5),
(392, 26, 1, 15, 1, 4, 5),
(393, 27, 3, 1, 1, 5, 5),
(394, 27, 3, 2, 1, 5, 5),
(395, 27, 3, 3, 1, 5, 5),
(396, 27, 3, 4, 1, 4, 5),
(397, 27, 3, 5, 1, 4, 5),
(398, 27, 3, 6, 1, 4, 5),
(399, 27, 3, 7, 1, 5, 5),
(400, 27, 3, 8, 1, 3, 5),
(401, 27, 3, 9, 1, 4, 5),
(402, 27, 3, 10, 1, 4, 5),
(403, 27, 3, 11, 1, 5, 5),
(404, 27, 3, 12, 1, 4, 5),
(405, 27, 3, 13, 1, 4, 5),
(406, 27, 3, 14, 1, 4, 5),
(407, 27, 3, 15, 1, 5, 5),
(408, 28, 1, 1, 1, 5, 5),
(409, 28, 1, 2, 1, 5, 5),
(410, 28, 1, 3, 1, 5, 5),
(411, 28, 1, 4, 1, 3, 5),
(412, 28, 1, 5, 1, 5, 5),
(413, 28, 1, 6, 1, 4, 5),
(414, 28, 1, 7, 1, 3, 5),
(415, 28, 1, 8, 1, 2, 5),
(416, 28, 1, 9, 1, 4, 5),
(417, 28, 1, 10, 1, 5, 5),
(418, 28, 1, 11, 1, 5, 5),
(419, 28, 1, 12, 1, 5, 5),
(420, 28, 1, 13, 1, 4, 5),
(421, 28, 1, 14, 1, 5, 5),
(422, 28, 1, 15, 1, 5, 5),
(423, 29, 6, 1, 1, 5, 5),
(424, 29, 6, 2, 1, 4, 5),
(425, 29, 6, 3, 1, 5, 5),
(426, 29, 6, 4, 1, 4, 5),
(427, 29, 6, 5, 1, 4, 5),
(428, 29, 6, 6, 1, 3, 5),
(429, 29, 6, 7, 1, 5, 5),
(430, 29, 6, 8, 1, 4, 5),
(431, 29, 6, 9, 1, 5, 5),
(432, 29, 6, 10, 1, 4, 5),
(433, 29, 6, 11, 1, 5, 5),
(434, 29, 6, 12, 1, 5, 5),
(435, 29, 6, 13, 1, 4, 5),
(436, 29, 6, 14, 1, 5, 5),
(437, 29, 6, 15, 1, 5, 5),
(438, 30, 8, 1, 1, 5, 5),
(439, 30, 8, 2, 1, 5, 5),
(440, 30, 8, 3, 1, 5, 5),
(441, 30, 8, 4, 1, 4, 5),
(442, 30, 8, 5, 1, 4, 5),
(443, 30, 8, 6, 1, 5, 5),
(444, 30, 8, 7, 1, 3, 5),
(445, 30, 8, 8, 1, 4, 5),
(446, 30, 8, 9, 1, 5, 5),
(447, 30, 8, 10, 1, 5, 5),
(448, 30, 8, 11, 1, 5, 5),
(449, 30, 8, 12, 1, 4, 5),
(450, 30, 8, 13, 1, 5, 5),
(451, 30, 8, 14, 1, 5, 5),
(452, 30, 8, 15, 1, 5, 5),
(453, 31, 6, 1, 1, 5, 5),
(454, 31, 6, 2, 1, 5, 5),
(455, 31, 6, 3, 1, 4, 5),
(456, 31, 6, 4, 1, 4, 4),
(457, 31, 6, 5, 1, 4, 5),
(458, 31, 6, 6, 1, 4, 5),
(459, 31, 6, 7, 1, 4, 5),
(460, 31, 6, 8, 1, 4, 5),
(461, 31, 6, 9, 1, 4, 5),
(462, 31, 6, 10, 1, 4, 5),
(463, 31, 6, 11, 1, 5, 5),
(464, 31, 6, 12, 1, 4, 5),
(465, 31, 6, 13, 1, 5, 5),
(466, 31, 6, 14, 1, 5, 5),
(467, 31, 6, 15, 1, 5, 5),
(468, 32, 2, 1, 1, 5, 5),
(469, 32, 2, 2, 1, 5, 5),
(470, 32, 2, 3, 1, 5, 5),
(471, 32, 2, 4, 1, 4, 4),
(472, 32, 2, 5, 1, 4, 5),
(473, 32, 2, 6, 1, 4, 5),
(474, 32, 2, 7, 1, 5, 5),
(475, 32, 2, 8, 1, 4, 5),
(476, 32, 2, 9, 1, 5, 5),
(477, 32, 2, 10, 1, 5, 5),
(478, 32, 2, 11, 1, 5, 5),
(479, 32, 2, 12, 1, 4, 5),
(480, 32, 2, 13, 1, 4, 5),
(481, 32, 2, 14, 1, 5, 5),
(482, 32, 2, 15, 1, 5, 5),
(483, 33, 4, 1, 1, 5, 5),
(484, 33, 4, 2, 1, 5, 5),
(485, 33, 4, 3, 1, 5, 5),
(486, 33, 4, 4, 1, 5, 5),
(487, 33, 4, 5, 1, 5, 5),
(488, 33, 4, 6, 1, 4, 5),
(489, 33, 4, 7, 1, 5, 5),
(490, 33, 4, 8, 1, 5, 5),
(491, 33, 4, 9, 1, 5, 5),
(492, 33, 4, 10, 1, 5, 5),
(493, 33, 4, 11, 1, 5, 5),
(494, 33, 4, 12, 1, 5, 5),
(495, 33, 4, 13, 1, 5, 5),
(496, 33, 4, 14, 1, 5, 5),
(497, 33, 4, 15, 1, 5, 5),
(498, 34, 1, 1, 1, 5, 5),
(499, 34, 1, 2, 1, 5, 5),
(500, 34, 1, 3, 1, 5, 5),
(501, 34, 1, 4, 1, 5, 5),
(502, 34, 1, 5, 1, 4, 5),
(503, 34, 1, 6, 1, 5, 5),
(504, 34, 1, 7, 1, 5, 5),
(505, 34, 1, 8, 1, 5, 5),
(506, 34, 1, 9, 1, 4, 4),
(507, 34, 1, 10, 1, 4, 5),
(508, 34, 1, 11, 1, 5, 5),
(509, 34, 1, 12, 1, 4, 5),
(510, 34, 1, 13, 1, 5, 5),
(511, 34, 1, 14, 1, 5, 5),
(512, 34, 1, 15, 1, 5, 5),
(528, 36, 1, 1, 1, 4, 5),
(529, 36, 1, 2, 1, 5, 5),
(530, 36, 1, 3, 1, 5, 5),
(531, 36, 1, 4, 1, 5, 5),
(532, 36, 1, 5, 1, 5, 5),
(533, 36, 1, 6, 1, 5, 5),
(534, 36, 1, 7, 1, 5, 5),
(535, 36, 1, 8, 1, 3, 5),
(536, 36, 1, 9, 1, 5, 5),
(537, 36, 1, 10, 1, 5, 5),
(538, 36, 1, 11, 1, 5, 5),
(539, 36, 1, 12, 1, 5, 5),
(540, 36, 1, 13, 1, 5, 5),
(541, 36, 1, 14, 1, 5, 5),
(542, 36, 1, 15, 1, 5, 5),
(543, 37, 7, 1, 1, 5, 5),
(544, 37, 7, 2, 1, 4, 5),
(545, 37, 7, 3, 1, 5, 4),
(546, 37, 7, 4, 1, 5, 5),
(547, 37, 7, 5, 1, 3, 4),
(548, 37, 7, 6, 1, 3, 4),
(549, 37, 7, 7, 1, 3, 5),
(550, 37, 7, 8, 1, 3, 5),
(551, 37, 7, 9, 1, 4, 5),
(552, 37, 7, 10, 1, 4, 5),
(553, 37, 7, 11, 1, 4, 5),
(554, 37, 7, 12, 1, 5, 5),
(555, 37, 7, 13, 1, 4, 5),
(556, 37, 7, 14, 1, 5, 5),
(557, 37, 7, 15, 1, 4, 5),
(558, 38, 8, 1, 1, 4, 5),
(559, 38, 8, 2, 1, 4, 5),
(560, 38, 8, 3, 1, 5, 5),
(561, 38, 8, 4, 1, 5, 5),
(562, 38, 8, 5, 1, 4, 5),
(563, 38, 8, 6, 1, 1, 5),
(564, 38, 8, 7, 1, 4, 5),
(565, 38, 8, 8, 1, 3, 5),
(566, 38, 8, 9, 1, 5, 5),
(567, 38, 8, 10, 1, 5, 5),
(568, 38, 8, 11, 1, 5, 5),
(569, 38, 8, 12, 1, 5, 5),
(570, 38, 8, 13, 1, 5, 5),
(571, 38, 8, 14, 1, 5, 5),
(572, 38, 8, 15, 1, 5, 5),
(573, 39, 8, 1, 1, 3, 5),
(574, 39, 8, 2, 1, 5, 5),
(575, 39, 8, 3, 1, 5, 5),
(576, 39, 8, 4, 1, 5, 5),
(577, 39, 8, 5, 1, 4, 4),
(578, 39, 8, 6, 1, 5, 5),
(579, 39, 8, 7, 1, 5, 5),
(580, 39, 8, 8, 1, 5, 5),
(581, 39, 8, 9, 1, 4, 4),
(582, 39, 8, 10, 1, 4, 4),
(583, 39, 8, 11, 1, 5, 5),
(584, 39, 8, 12, 1, 4, 5),
(585, 39, 8, 13, 1, 5, 5),
(586, 39, 8, 14, 1, 5, 5),
(587, 39, 8, 15, 1, 5, 5),
(588, 40, 7, 1, 1, 5, 5),
(589, 40, 7, 2, 1, 4, 5),
(590, 40, 7, 3, 1, 5, 5),
(591, 40, 7, 4, 1, 4, 5),
(592, 40, 7, 5, 1, 5, 5),
(593, 40, 7, 6, 1, 5, 5),
(594, 40, 7, 7, 1, 5, 5),
(595, 40, 7, 8, 1, 3, 5),
(596, 40, 7, 9, 1, 4, 5),
(597, 40, 7, 10, 1, 4, 5),
(598, 40, 7, 11, 1, 5, 5),
(599, 40, 7, 12, 1, 5, 5),
(600, 40, 7, 13, 1, 5, 5),
(601, 40, 7, 14, 1, 5, 5),
(602, 40, 7, 15, 1, 5, 5),
(603, 41, 1, 1, 1, 4, 3),
(604, 41, 1, 2, 1, 3, 4),
(605, 41, 1, 3, 1, 3, 3),
(606, 41, 1, 4, 1, 4, 4),
(607, 41, 1, 5, 1, 4, 4),
(608, 41, 1, 6, 1, 4, 4),
(609, 41, 1, 7, 1, 3, 3),
(610, 41, 1, 8, 1, 3, 4),
(611, 41, 1, 9, 1, 4, 4),
(612, 41, 1, 10, 1, 4, 4),
(613, 41, 1, 11, 1, 4, 4),
(614, 41, 1, 12, 1, 4, 4),
(615, 41, 1, 13, 1, 4, 4),
(616, 41, 1, 14, 1, 4, 4),
(617, 41, 1, 15, 1, 4, 4),
(618, 42, 1, 1, 1, 4, 5),
(619, 42, 1, 2, 1, 5, 5),
(620, 42, 1, 3, 1, 5, 5),
(621, 42, 1, 4, 1, 3, 5),
(622, 42, 1, 5, 1, 3, 5),
(623, 42, 1, 6, 1, 5, 5),
(624, 42, 1, 7, 1, 3, 5),
(625, 42, 1, 8, 1, 2, 5),
(626, 42, 1, 9, 1, 5, 5),
(627, 42, 1, 10, 1, 3, 5),
(628, 42, 1, 11, 1, 5, 5),
(629, 42, 1, 12, 1, 5, 5),
(630, 42, 1, 13, 1, 5, 5),
(631, 42, 1, 14, 1, 5, 5),
(632, 42, 1, 15, 1, 5, 5),
(633, 43, 1, 1, 1, 5, 5),
(634, 43, 1, 2, 1, 5, 5),
(635, 43, 1, 3, 1, 5, 5),
(636, 43, 1, 4, 1, 5, 5),
(637, 43, 1, 5, 1, 5, 5),
(638, 43, 1, 6, 1, 5, 5),
(639, 43, 1, 7, 1, 5, 5),
(640, 43, 1, 8, 1, 5, 5),
(641, 43, 1, 9, 1, 3, 5),
(642, 43, 1, 10, 1, 5, 5),
(643, 43, 1, 11, 1, 5, 5),
(644, 43, 1, 12, 1, 5, 5),
(645, 43, 1, 13, 1, 5, 5),
(646, 43, 1, 14, 1, 5, 5),
(647, 43, 1, 15, 1, 5, 5),
(648, 44, 6, 1, 1, 5, 5),
(649, 44, 6, 2, 1, 3, 5),
(650, 44, 6, 3, 1, 5, 4),
(651, 44, 6, 4, 1, 3, 4),
(652, 44, 6, 5, 1, 5, 4),
(653, 44, 6, 6, 1, 3, 4),
(654, 44, 6, 7, 1, 4, 4),
(655, 44, 6, 8, 1, 5, 5),
(656, 44, 6, 9, 1, 4, 4),
(657, 44, 6, 10, 1, 5, 5),
(658, 44, 6, 11, 1, 3, 4),
(659, 44, 6, 12, 1, 5, 5),
(660, 44, 6, 13, 1, 1, 4),
(661, 44, 6, 14, 1, 5, 4),
(662, 44, 6, 15, 1, 4, 5),
(663, 45, 7, 1, 1, 5, 5),
(664, 45, 7, 2, 1, 5, 5),
(665, 45, 7, 3, 1, 5, 5),
(666, 45, 7, 4, 1, 5, 5),
(667, 45, 7, 5, 1, 5, 5),
(668, 45, 7, 6, 1, 5, 5),
(669, 45, 7, 7, 1, 4, 5),
(670, 45, 7, 8, 1, 5, 5),
(671, 45, 7, 9, 1, 5, 5),
(672, 45, 7, 10, 1, 3, 5),
(673, 45, 7, 11, 1, 3, 5),
(674, 45, 7, 12, 1, 5, 5),
(675, 45, 7, 13, 1, 5, 5),
(676, 45, 7, 14, 1, 5, 5),
(677, 45, 7, 15, 1, 5, 5),
(678, 46, 6, 1, 1, 4, 5),
(679, 46, 6, 2, 1, 4, 5),
(680, 46, 6, 3, 1, 5, 5),
(681, 46, 6, 4, 1, 2, 5),
(682, 46, 6, 5, 1, 3, 4),
(683, 46, 6, 6, 1, 4, 5),
(684, 46, 6, 7, 1, 5, 5),
(685, 46, 6, 8, 1, 1, 5),
(686, 46, 6, 9, 1, 4, 4),
(687, 46, 6, 10, 1, 5, 5),
(688, 46, 6, 11, 1, 4, 5),
(689, 46, 6, 12, 1, 5, 5),
(690, 46, 6, 13, 1, 4, 5),
(691, 46, 6, 14, 1, 5, 5),
(692, 46, 6, 15, 1, 4, 5),
(708, 48, 2, 1, 1, 4, 5),
(709, 48, 2, 2, 1, 4, 5),
(710, 48, 2, 3, 1, 4, 4),
(711, 48, 2, 4, 1, 3, 3),
(712, 48, 2, 5, 1, 2, 4),
(713, 48, 2, 6, 1, 4, 5),
(714, 48, 2, 7, 1, 2, 4),
(715, 48, 2, 8, 1, 1, 4),
(716, 48, 2, 9, 1, 3, 5),
(717, 48, 2, 10, 1, 3, 4),
(718, 48, 2, 11, 1, 4, 5),
(719, 48, 2, 12, 1, 2, 3),
(720, 48, 2, 13, 1, 3, 4),
(721, 48, 2, 14, 1, 5, 5),
(722, 48, 2, 15, 1, 3, 4),
(723, 49, 9, 1, 1, 5, 5),
(724, 49, 9, 2, 1, 4, 5),
(725, 49, 9, 3, 1, 5, 5),
(726, 49, 9, 4, 1, 4, 5),
(727, 49, 9, 5, 1, 3, 5),
(728, 49, 9, 6, 1, 5, 5),
(729, 49, 9, 7, 1, 5, 5),
(730, 49, 9, 8, 1, 4, 5),
(731, 49, 9, 9, 1, 5, 5),
(732, 49, 9, 10, 1, 4, 5),
(733, 49, 9, 11, 1, 5, 5),
(734, 49, 9, 12, 1, 5, 5),
(735, 49, 9, 13, 1, 5, 5),
(736, 49, 9, 14, 1, 5, 5),
(737, 49, 9, 15, 1, 5, 5),
(768, 52, 4, 1, 1, 5, 5),
(769, 52, 4, 2, 1, 5, 5),
(770, 52, 4, 3, 1, 5, 5),
(771, 52, 4, 4, 1, 5, 5),
(772, 52, 4, 5, 1, 5, 5),
(773, 52, 4, 6, 1, 5, 5),
(774, 52, 4, 7, 1, 5, 5),
(775, 52, 4, 8, 1, 5, 5),
(776, 52, 4, 9, 1, 5, 5),
(777, 52, 4, 10, 1, 5, 5),
(778, 52, 4, 11, 1, 5, 5),
(779, 52, 4, 12, 1, 5, 5),
(780, 52, 4, 13, 1, 5, 5),
(781, 52, 4, 14, 1, 5, 5),
(782, 52, 4, 15, 1, 5, 5),
(783, 53, 2, 1, 1, 3, 4),
(784, 53, 2, 2, 1, 4, 4),
(785, 53, 2, 3, 1, 5, 4),
(786, 53, 2, 4, 1, 2, 4),
(787, 53, 2, 5, 1, 3, 4),
(788, 53, 2, 6, 1, 5, 5),
(789, 53, 2, 7, 1, 2, 4),
(790, 53, 2, 8, 1, 2, 4),
(791, 53, 2, 9, 1, 4, 4),
(792, 53, 2, 10, 1, 4, 4),
(793, 53, 2, 11, 1, 4, 4),
(794, 53, 2, 12, 1, 4, 4),
(795, 53, 2, 13, 1, 4, 4),
(796, 53, 2, 14, 1, 5, 4),
(797, 53, 2, 15, 1, 5, 5),
(798, 54, 7, 1, 1, 3, 5),
(799, 54, 7, 2, 1, 5, 5),
(800, 54, 7, 3, 1, 4, 4),
(801, 54, 7, 4, 1, 5, 5),
(802, 54, 7, 5, 1, 5, 5),
(803, 54, 7, 6, 1, 5, 5),
(804, 54, 7, 7, 1, 3, 5),
(805, 54, 7, 8, 1, 3, 5),
(806, 54, 7, 9, 1, 4, 5),
(807, 54, 7, 10, 1, 4, 5),
(808, 54, 7, 11, 1, 4, 5),
(809, 54, 7, 12, 1, 4, 5),
(810, 54, 7, 13, 1, 3, 5),
(811, 54, 7, 14, 1, 4, 5),
(812, 54, 7, 15, 1, 5, 5),
(813, 55, 2, 1, 1, 5, 5),
(814, 55, 2, 2, 1, 4, 5),
(815, 55, 2, 3, 1, 4, 5),
(816, 55, 2, 4, 1, 3, 5),
(817, 55, 2, 5, 1, 4, 5),
(818, 55, 2, 6, 1, 5, 5),
(819, 55, 2, 7, 1, 3, 5),
(820, 55, 2, 8, 1, 4, 5),
(821, 55, 2, 9, 1, 4, 5),
(822, 55, 2, 10, 1, 4, 5),
(823, 55, 2, 11, 1, 5, 5),
(824, 55, 2, 12, 1, 5, 5),
(825, 55, 2, 13, 1, 4, 5),
(826, 55, 2, 14, 1, 5, 5),
(827, 55, 2, 15, 1, 4, 5),
(828, 56, 2, 1, 1, 3, 4),
(829, 56, 2, 2, 1, 2, 4),
(830, 56, 2, 3, 1, 4, 4),
(831, 56, 2, 4, 1, 3, 4),
(832, 56, 2, 5, 1, 2, 4),
(833, 56, 2, 6, 1, 4, 4),
(834, 56, 2, 7, 1, 2, 4),
(835, 56, 2, 8, 1, 4, 4),
(836, 56, 2, 9, 1, 3, 4),
(837, 56, 2, 10, 1, 4, 4),
(838, 56, 2, 11, 1, 4, 4),
(839, 56, 2, 12, 1, 3, 4),
(840, 56, 2, 13, 1, 3, 4),
(841, 56, 2, 14, 1, 2, 4),
(842, 56, 2, 15, 1, 3, 4),
(858, 58, 4, 1, 1, 2, 5),
(859, 58, 4, 2, 1, 5, 5),
(860, 58, 4, 3, 1, 5, 5),
(861, 58, 4, 4, 1, 5, 5),
(862, 58, 4, 5, 1, 5, 5),
(863, 58, 4, 6, 1, 4, 5),
(864, 58, 4, 7, 1, 5, 5),
(865, 58, 4, 8, 1, 5, 5),
(866, 58, 4, 9, 1, 5, 5),
(867, 58, 4, 10, 1, 5, 5),
(868, 58, 4, 11, 1, 5, 5),
(869, 58, 4, 12, 1, 4, 5),
(870, 58, 4, 13, 1, 5, 5),
(871, 58, 4, 14, 1, 5, 5),
(872, 58, 4, 15, 1, 5, 5),
(873, 59, 8, 1, 1, 4, 5),
(874, 59, 8, 2, 1, 3, 5),
(875, 59, 8, 3, 1, 5, 5),
(876, 59, 8, 4, 1, 4, 5),
(877, 59, 8, 5, 1, 4, 5),
(878, 59, 8, 6, 1, 5, 5),
(879, 59, 8, 7, 1, 3, 5),
(880, 59, 8, 8, 1, 4, 5),
(881, 59, 8, 9, 1, 4, 5),
(882, 59, 8, 10, 1, 4, 5),
(883, 59, 8, 11, 1, 5, 5),
(884, 59, 8, 12, 1, 5, 5),
(885, 59, 8, 13, 1, 5, 5),
(886, 59, 8, 14, 1, 5, 5),
(887, 59, 8, 15, 1, 5, 5),
(888, 60, 4, 1, 1, 3, 5),
(889, 60, 4, 2, 1, 2, 5),
(890, 60, 4, 3, 1, 4, 5),
(891, 60, 4, 4, 1, 5, 5),
(892, 60, 4, 5, 1, 4, 5),
(893, 60, 4, 6, 1, 4, 5),
(894, 60, 4, 7, 1, 2, 5),
(895, 60, 4, 8, 1, 1, 5),
(896, 60, 4, 9, 1, 4, 5),
(897, 60, 4, 10, 1, 3, 5),
(898, 60, 4, 11, 1, 4, 5),
(899, 60, 4, 12, 1, 4, 5),
(900, 60, 4, 13, 1, 4, 5),
(901, 60, 4, 14, 1, 4, 5),
(902, 60, 4, 15, 1, 5, 5),
(903, 61, 4, 1, 1, 4, 5),
(904, 61, 4, 2, 1, 3, 5),
(905, 61, 4, 3, 1, 4, 4),
(906, 61, 4, 4, 1, 4, 5),
(907, 61, 4, 5, 1, 4, 5),
(908, 61, 4, 6, 1, 4, 4),
(909, 61, 4, 7, 1, 4, 5),
(910, 61, 4, 8, 1, 4, 5),
(911, 61, 4, 9, 1, 4, 4),
(912, 61, 4, 10, 1, 4, 4),
(913, 61, 4, 11, 1, 4, 4),
(914, 61, 4, 12, 1, 4, 4),
(915, 61, 4, 13, 1, 4, 4),
(916, 61, 4, 14, 1, 2, 5),
(917, 61, 4, 15, 1, 2, 5),
(918, 62, 8, 1, 1, 3, 5),
(919, 62, 8, 2, 1, 3, 5),
(920, 62, 8, 3, 1, 3, 5),
(921, 62, 8, 4, 1, 4, 5),
(922, 62, 8, 5, 1, 4, 5),
(923, 62, 8, 6, 1, 4, 4),
(924, 62, 8, 7, 1, 3, 5),
(925, 62, 8, 8, 1, 3, 4),
(926, 62, 8, 9, 1, 4, 4),
(927, 62, 8, 10, 1, 4, 4),
(928, 62, 8, 11, 1, 5, 5),
(929, 62, 8, 12, 1, 4, 5),
(930, 62, 8, 13, 1, 4, 5),
(931, 62, 8, 14, 1, 4, 5),
(932, 62, 8, 15, 1, 4, 5),
(933, 63, 8, 1, 1, 5, 5),
(934, 63, 8, 2, 1, 4, 5),
(935, 63, 8, 3, 1, 5, 5),
(936, 63, 8, 4, 1, 5, 5),
(937, 63, 8, 5, 1, 5, 5),
(938, 63, 8, 6, 1, 5, 5),
(939, 63, 8, 7, 1, 5, 5),
(940, 63, 8, 8, 1, 5, 5),
(941, 63, 8, 9, 1, 5, 5),
(942, 63, 8, 10, 1, 5, 5),
(943, 63, 8, 11, 1, 5, 5),
(944, 63, 8, 12, 1, 5, 5),
(945, 63, 8, 13, 1, 4, 5),
(946, 63, 8, 14, 1, 5, 5),
(947, 63, 8, 15, 1, 5, 5),
(948, 64, 8, 1, 1, 4, 5),
(949, 64, 8, 2, 1, 5, 5),
(950, 64, 8, 3, 1, 5, 5),
(951, 64, 8, 4, 1, 5, 5),
(952, 64, 8, 5, 1, 5, 5),
(953, 64, 8, 6, 1, 5, 5),
(954, 64, 8, 7, 1, 5, 5),
(955, 64, 8, 8, 1, 5, 5),
(956, 64, 8, 9, 1, 5, 5),
(957, 64, 8, 10, 1, 5, 5),
(958, 64, 8, 11, 1, 5, 5),
(959, 64, 8, 12, 1, 5, 5),
(960, 64, 8, 13, 1, 5, 5),
(961, 64, 8, 14, 1, 5, 5),
(962, 64, 8, 15, 1, 5, 5),
(963, 65, 4, 1, 1, 4, 5),
(964, 65, 4, 2, 1, 3, 5),
(965, 65, 4, 3, 1, 4, 5),
(966, 65, 4, 4, 1, 4, 5),
(967, 65, 4, 5, 1, 3, 5),
(968, 65, 4, 6, 1, 4, 5),
(969, 65, 4, 7, 1, 3, 5),
(970, 65, 4, 8, 1, 3, 5),
(971, 65, 4, 9, 1, 3, 5),
(972, 65, 4, 10, 1, 3, 5),
(973, 65, 4, 11, 1, 4, 5),
(974, 65, 4, 12, 1, 4, 5),
(975, 65, 4, 13, 1, 4, 5),
(976, 65, 4, 14, 1, 4, 5),
(977, 65, 4, 15, 1, 4, 5),
(978, 66, 6, 1, 1, 5, 5),
(979, 66, 6, 2, 1, 5, 5),
(980, 66, 6, 3, 1, 4, 5),
(981, 66, 6, 4, 1, 4, 5),
(982, 66, 6, 5, 1, 5, 5),
(983, 66, 6, 6, 1, 5, 5),
(984, 66, 6, 7, 1, 5, 5),
(985, 66, 6, 8, 1, 5, 5),
(986, 66, 6, 9, 1, 5, 5),
(987, 66, 6, 10, 1, 5, 5),
(988, 66, 6, 11, 1, 5, 5),
(989, 66, 6, 12, 1, 4, 5),
(990, 66, 6, 13, 1, 4, 5),
(991, 66, 6, 14, 1, 4, 5),
(992, 66, 6, 15, 1, 4, 5),
(993, 67, 6, 1, 1, 5, 5),
(994, 67, 6, 2, 1, 5, 5),
(995, 67, 6, 3, 1, 5, 5),
(996, 67, 6, 4, 1, 5, 5),
(997, 67, 6, 5, 1, 5, 5),
(998, 67, 6, 6, 1, 5, 5),
(999, 67, 6, 7, 1, 5, 5),
(1000, 67, 6, 8, 1, 5, 5),
(1001, 67, 6, 9, 1, 5, 5),
(1002, 67, 6, 10, 1, 5, 5),
(1003, 67, 6, 11, 1, 5, 5),
(1004, 67, 6, 12, 1, 5, 5),
(1005, 67, 6, 13, 1, 4, 5),
(1006, 67, 6, 14, 1, 5, 5),
(1007, 67, 6, 15, 1, 5, 5),
(1008, 68, 3, 1, 1, 5, 5),
(1009, 68, 3, 2, 1, 5, 5),
(1010, 68, 3, 3, 1, 5, 5),
(1011, 68, 3, 4, 1, 5, 5),
(1012, 68, 3, 5, 1, 5, 5),
(1013, 68, 3, 6, 1, 5, 5),
(1014, 68, 3, 7, 1, 5, 5),
(1015, 68, 3, 8, 1, 5, 5),
(1016, 68, 3, 9, 1, 5, 5),
(1017, 68, 3, 10, 1, 5, 5),
(1018, 68, 3, 11, 1, 5, 5),
(1019, 68, 3, 12, 1, 5, 5),
(1020, 68, 3, 13, 1, 5, 5),
(1021, 68, 3, 14, 1, 5, 5),
(1022, 68, 3, 15, 1, 5, 5),
(1023, 69, 2, 1, 1, 4, 4),
(1024, 69, 2, 2, 1, 4, 5),
(1025, 69, 2, 3, 1, 5, 5),
(1026, 69, 2, 4, 1, 4, 5),
(1027, 69, 2, 5, 1, 5, 5),
(1028, 69, 2, 6, 1, 5, 4),
(1029, 69, 2, 7, 1, 4, 4),
(1030, 69, 2, 8, 1, 5, 5),
(1031, 69, 2, 9, 1, 5, 4),
(1032, 69, 2, 10, 1, 4, 5),
(1033, 69, 2, 11, 1, 5, 5),
(1034, 69, 2, 12, 1, 5, 5),
(1035, 69, 2, 13, 1, 4, 4),
(1036, 69, 2, 14, 1, 4, 5),
(1037, 69, 2, 15, 1, 4, 5),
(1038, 70, 8, 1, 1, 5, 5),
(1042, 70, 8, 2, 1, 4, 4),
(1046, 70, 8, 3, 1, 5, 4),
(1049, 70, 8, 4, 1, 5, 4),
(1053, 70, 8, 5, 1, 3, 5),
(1057, 70, 8, 6, 1, 2, 4),
(1061, 70, 8, 7, 1, 3, 5),
(1064, 70, 8, 8, 1, 3, 4),
(1067, 70, 8, 9, 1, 5, 4),
(1071, 70, 8, 10, 1, 2, 5),
(1075, 70, 8, 11, 1, 4, 5),
(1077, 70, 8, 12, 1, 5, 4),
(1082, 70, 8, 13, 1, 2, 5),
(1086, 70, 8, 14, 1, 4, 5),
(1091, 70, 8, 15, 1, 3, 4),
(1098, 71, 6, 1, 1, 2, 4),
(1099, 71, 6, 2, 1, 5, 5),
(1100, 71, 6, 3, 1, 4, 4),
(1101, 71, 6, 4, 1, 3, 4),
(1102, 71, 6, 5, 1, 4, 5),
(1103, 71, 6, 6, 1, 2, 4),
(1104, 71, 6, 7, 1, 4, 4),
(1105, 71, 6, 8, 1, 4, 5),
(1106, 71, 6, 9, 1, 3, 4),
(1107, 71, 6, 10, 1, 4, 5),
(1108, 71, 6, 11, 1, 5, 5),
(1109, 71, 6, 12, 1, 4, 4),
(1110, 71, 6, 13, 1, 3, 4),
(1111, 71, 6, 14, 1, 3, 5),
(1112, 71, 6, 15, 1, 4, 4),
(1113, 73, 2, 1, 1, 5, 5),
(1114, 73, 2, 2, 1, 4, 5),
(1115, 73, 2, 3, 1, 5, 4),
(1116, 73, 2, 4, 1, 5, 4),
(1117, 73, 2, 5, 1, 3, 5),
(1118, 73, 2, 6, 1, 4, 5),
(1119, 73, 2, 7, 1, 5, 5),
(1120, 73, 2, 8, 1, 5, 4),
(1121, 73, 2, 9, 1, 2, 4),
(1122, 73, 2, 10, 1, 5, 5),
(1123, 73, 2, 11, 1, 4, 5),
(1124, 73, 2, 12, 1, 4, 5),
(1125, 73, 2, 13, 1, 4, 4),
(1126, 73, 2, 14, 1, 5, 5),
(1127, 73, 2, 15, 1, 3, 4),
(1128, 72, 3, 1, 1, 5, 4),
(1129, 72, 3, 2, 1, 4, 4),
(1130, 72, 3, 3, 1, 3, 5),
(1131, 72, 3, 4, 1, 4, 4),
(1132, 72, 3, 5, 1, 5, 4),
(1133, 72, 3, 6, 1, 5, 5),
(1134, 72, 3, 7, 1, 2, 4),
(1135, 72, 3, 8, 1, 2, 5),
(1136, 72, 3, 9, 1, 3, 5),
(1137, 72, 3, 10, 1, 3, 4),
(1138, 72, 3, 11, 1, 2, 5),
(1139, 72, 3, 12, 1, 3, 4),
(1140, 72, 3, 13, 1, 4, 5),
(1141, 72, 3, 14, 1, 2, 5),
(1142, 72, 3, 15, 1, 3, 4),
(1143, 74, 6, 1, 1, 4, 5),
(1144, 74, 6, 2, 1, 5, 5),
(1145, 74, 6, 3, 1, 4, 4),
(1146, 74, 6, 4, 1, 5, 5),
(1147, 74, 6, 5, 1, 5, 4),
(1148, 74, 6, 6, 1, 2, 4),
(1149, 74, 6, 7, 1, 3, 5),
(1150, 74, 6, 8, 1, 4, 5),
(1151, 74, 6, 9, 1, 2, 4),
(1152, 74, 6, 10, 1, 4, 4),
(1153, 74, 6, 11, 1, 3, 5),
(1154, 74, 6, 12, 1, 4, 4),
(1155, 74, 6, 13, 1, 1, 4),
(1156, 74, 6, 14, 1, 2, 5),
(1157, 74, 6, 15, 1, 4, 5),
(1158, 75, 8, 1, 1, 3, 4),
(1159, 75, 8, 2, 1, 1, 4),
(1160, 75, 8, 3, 1, 2, 5),
(1161, 75, 8, 4, 1, 4, 5),
(1162, 75, 8, 5, 1, 3, 4),
(1163, 75, 8, 6, 1, 4, 5),
(1164, 75, 8, 7, 1, 3, 5),
(1165, 75, 8, 8, 1, 3, 4),
(1166, 75, 8, 9, 1, 5, 5),
(1167, 75, 8, 10, 1, 4, 4),
(1168, 75, 8, 11, 1, 4, 5),
(1169, 75, 8, 12, 1, 3, 4),
(1170, 75, 8, 13, 1, 5, 5),
(1171, 75, 8, 14, 1, 2, 4),
(1172, 75, 8, 15, 1, 3, 5),
(1173, 76, 2, 1, 1, 3, 5),
(1174, 76, 2, 2, 1, 3, 4),
(1175, 76, 2, 3, 1, 1, 4),
(1176, 76, 2, 4, 1, 2, 5),
(1177, 76, 2, 5, 1, 4, 5),
(1178, 76, 2, 6, 1, 4, 4),
(1179, 76, 2, 7, 1, 5, 4),
(1180, 76, 2, 8, 1, 3, 5),
(1181, 76, 2, 9, 1, 2, 5),
(1182, 76, 2, 10, 1, 5, 5),
(1183, 76, 2, 11, 1, 4, 4),
(1184, 76, 2, 12, 1, 5, 4),
(1185, 76, 2, 13, 1, 4, 5),
(1186, 76, 2, 14, 1, 5, 5),
(1187, 76, 2, 15, 1, 4, 4),
(1188, 77, 1, 1, 1, 3, 5),
(1189, 77, 1, 2, 1, 3, 4),
(1190, 77, 1, 3, 1, 2, 5),
(1191, 77, 1, 4, 1, 1, 5),
(1192, 77, 1, 5, 1, 4, 4),
(1193, 77, 1, 6, 1, 4, 5),
(1194, 77, 1, 7, 1, 3, 4),
(1195, 77, 1, 8, 1, 4, 5),
(1196, 77, 1, 9, 1, 2, 5),
(1197, 77, 1, 10, 1, 3, 5),
(1198, 77, 1, 11, 1, 3, 5),
(1199, 77, 1, 12, 1, 3, 4),
(1200, 77, 1, 13, 1, 2, 5),
(1201, 77, 1, 14, 1, 1, 4),
(1202, 77, 1, 15, 1, 4, 4),
(1203, 78, 1, 1, 1, 5, 5),
(1205, 78, 1, 2, 1, 3, 4),
(1207, 78, 1, 3, 1, 5, 5),
(1209, 78, 1, 4, 1, 5, 4),
(1212, 78, 1, 5, 1, 3, 5),
(1214, 78, 1, 6, 1, 3, 4),
(1216, 78, 1, 7, 1, 5, 4),
(1218, 78, 1, 8, 1, 3, 5),
(1220, 78, 1, 9, 1, 3, 5),
(1222, 78, 1, 10, 1, 2, 4),
(1224, 78, 1, 11, 1, 2, 4),
(1226, 78, 1, 12, 1, 5, 4),
(1228, 78, 1, 13, 1, 4, 5),
(1229, 78, 1, 14, 1, 4, 4),
(1232, 78, 1, 15, 1, 3, 5),
(1233, 79, 2, 1, 1, 2, 3),
(1234, 79, 2, 2, 1, 3, 5),
(1235, 79, 2, 3, 1, 3, 4),
(1236, 79, 2, 4, 1, 4, 4),
(1237, 79, 2, 5, 1, 4, 5),
(1238, 79, 2, 6, 1, 3, 4),
(1239, 79, 2, 7, 1, 2, 4),
(1240, 79, 2, 8, 1, 1, 5),
(1241, 79, 2, 9, 1, 4, 4),
(1242, 79, 2, 10, 1, 2, 4),
(1243, 79, 2, 11, 1, 4, 5),
(1244, 79, 2, 12, 1, 1, 4),
(1245, 79, 2, 13, 1, 1, 5),
(1246, 79, 2, 14, 1, 3, 4),
(1247, 79, 2, 15, 1, 2, 4),
(1248, 80, 3, 1, 1, 2, 4),
(1249, 80, 3, 2, 1, 3, 5),
(1250, 80, 3, 3, 1, 5, 5),
(1251, 80, 3, 4, 1, 4, 4),
(1252, 80, 3, 5, 1, 3, 5),
(1253, 80, 3, 6, 1, 3, 4),
(1254, 80, 3, 7, 1, 4, 4),
(1255, 80, 3, 8, 1, 3, 5),
(1256, 80, 3, 9, 1, 2, 5),
(1257, 80, 3, 10, 1, 2, 4),
(1258, 80, 3, 11, 1, 3, 5),
(1259, 80, 3, 12, 1, 2, 5),
(1260, 80, 3, 13, 1, 3, 5),
(1261, 80, 3, 14, 1, 4, 5),
(1262, 80, 3, 15, 1, 4, 4),
(1263, 81, 1, 1, 1, 3, 5),
(1264, 81, 1, 2, 1, 2, 5),
(1265, 81, 1, 3, 1, 3, 5),
(1266, 81, 1, 4, 1, 4, 4),
(1267, 81, 1, 5, 1, 3, 4),
(1268, 81, 1, 6, 1, 3, 5),
(1269, 81, 1, 7, 1, 2, 5),
(1270, 81, 1, 8, 1, 3, 4),
(1271, 81, 1, 9, 1, 3, 4),
(1272, 81, 1, 10, 1, 4, 5),
(1273, 81, 1, 11, 1, 3, 5),
(1274, 81, 1, 12, 1, 2, 5),
(1275, 81, 1, 13, 1, 4, 4),
(1276, 81, 1, 14, 1, 4, 4),
(1277, 81, 1, 15, 1, 2, 5),
(1278, 82, 3, 1, 1, 3, 5),
(1279, 82, 3, 2, 1, 2, 5),
(1280, 82, 3, 3, 1, 3, 4),
(1281, 82, 3, 4, 1, 1, 4),
(1282, 82, 3, 5, 1, 4, 5),
(1283, 82, 3, 6, 1, 4, 4),
(1284, 82, 3, 7, 1, 2, 4),
(1285, 82, 3, 8, 1, 3, 4),
(1286, 82, 3, 9, 1, 3, 5),
(1287, 82, 3, 10, 1, 2, 5),
(1288, 82, 3, 11, 1, 4, 4),
(1289, 82, 3, 12, 1, 3, 5),
(1290, 82, 3, 13, 1, 2, 4),
(1291, 82, 3, 14, 1, 4, 4),
(1292, 82, 3, 15, 1, 3, 5),
(1293, 83, 1, 1, 1, 2, 5),
(1294, 83, 1, 2, 1, 3, 4),
(1295, 83, 1, 3, 1, 3, 5),
(1296, 83, 1, 4, 1, 4, 4),
(1297, 83, 1, 5, 1, 1, 4),
(1298, 83, 1, 6, 1, 2, 4),
(1299, 83, 1, 7, 1, 3, 5),
(1300, 83, 1, 8, 1, 3, 5),
(1301, 83, 1, 9, 1, 5, 4),
(1302, 83, 1, 10, 1, 5, 5),
(1303, 83, 1, 11, 1, 3, 5),
(1304, 83, 1, 12, 1, 3, 4),
(1305, 83, 1, 13, 1, 3, 4),
(1306, 83, 1, 14, 1, 5, 4),
(1307, 83, 1, 15, 1, 3, 4),
(1308, 84, 6, 1, 1, 2, 4),
(1309, 84, 6, 2, 1, 3, 5),
(1310, 84, 6, 3, 1, 3, 5),
(1311, 84, 6, 4, 1, 4, 5),
(1312, 84, 6, 5, 1, 3, 4),
(1313, 84, 6, 6, 1, 2, 5),
(1314, 84, 6, 7, 1, 1, 5),
(1315, 84, 6, 8, 1, 3, 5),
(1316, 84, 6, 9, 1, 3, 5),
(1317, 84, 6, 10, 1, 5, 4),
(1318, 84, 6, 11, 1, 2, 5),
(1319, 84, 6, 12, 1, 3, 5),
(1320, 84, 6, 13, 1, 4, 5),
(1321, 84, 6, 14, 1, 4, 4),
(1322, 84, 6, 15, 1, 5, 4),
(1323, 85, 3, 1, 1, 4, 5),
(1324, 85, 3, 2, 1, 3, 4),
(1325, 85, 3, 3, 1, 2, 5),
(1326, 85, 3, 4, 1, 2, 5),
(1327, 85, 3, 5, 1, 4, 5),
(1328, 85, 3, 6, 1, 3, 4),
(1329, 85, 3, 7, 1, 1, 5),
(1330, 85, 3, 8, 1, 4, 5),
(1331, 85, 3, 9, 1, 3, 5),
(1332, 85, 3, 10, 1, 3, 4),
(1333, 85, 3, 11, 1, 2, 4),
(1334, 85, 3, 12, 1, 3, 4),
(1335, 85, 3, 13, 1, 3, 4),
(1336, 85, 3, 14, 1, 4, 5),
(1337, 85, 3, 15, 1, 2, 5),
(1338, 86, 8, 1, 1, 4, 5),
(1339, 86, 8, 2, 1, 2, 4),
(1340, 86, 8, 3, 1, 1, 4),
(1341, 86, 8, 4, 1, 3, 5),
(1342, 86, 8, 5, 1, 4, 5),
(1343, 86, 8, 6, 1, 2, 4),
(1344, 86, 8, 7, 1, 4, 4),
(1345, 86, 8, 8, 1, 4, 4),
(1346, 86, 8, 9, 1, 3, 5),
(1347, 86, 8, 10, 1, 3, 5),
(1348, 86, 8, 11, 1, 2, 4),
(1349, 86, 8, 12, 1, 3, 5),
(1350, 86, 8, 13, 1, 4, 5),
(1351, 86, 8, 14, 1, 3, 4),
(1352, 86, 8, 15, 1, 3, 4),
(1353, 87, 2, 1, 1, 3, 5),
(1354, 87, 2, 2, 1, 2, 5),
(1355, 87, 2, 3, 1, 2, 4),
(1356, 87, 2, 4, 1, 4, 4),
(1357, 87, 2, 5, 1, 1, 4),
(1358, 87, 2, 6, 1, 3, 4),
(1359, 87, 2, 7, 1, 4, 5),
(1360, 87, 2, 8, 1, 5, 5),
(1361, 87, 2, 9, 1, 4, 5),
(1362, 87, 2, 10, 1, 3, 4),
(1363, 87, 2, 11, 1, 3, 4),
(1364, 87, 2, 12, 1, 5, 5),
(1365, 87, 2, 13, 1, 3, 4),
(1366, 87, 2, 14, 1, 3, 5),
(1367, 87, 2, 15, 1, 4, 5),
(1368, 88, 1, 1, 1, 2, 4),
(1369, 88, 1, 2, 1, 3, 4),
(1370, 88, 1, 3, 1, 4, 5),
(1371, 88, 1, 4, 1, 3, 5),
(1372, 88, 1, 5, 1, 2, 5),
(1373, 88, 1, 6, 1, 3, 5),
(1374, 88, 1, 7, 1, 2, 5),
(1375, 88, 1, 8, 1, 4, 4),
(1376, 88, 1, 9, 1, 3, 5),
(1377, 88, 1, 10, 1, 2, 5),
(1378, 88, 1, 11, 1, 3, 4),
(1379, 88, 1, 12, 1, 4, 4),
(1380, 88, 1, 13, 1, 2, 5),
(1381, 88, 1, 14, 1, 1, 5),
(1382, 88, 1, 15, 1, 4, 5),
(1383, 89, 6, 1, 1, 3, 5),
(1384, 89, 6, 2, 1, 3, 4),
(1385, 89, 6, 3, 1, 3, 5),
(1386, 89, 6, 4, 1, 4, 5),
(1387, 89, 6, 5, 1, 5, 5),
(1388, 89, 6, 6, 1, 4, 4),
(1389, 89, 6, 7, 1, 4, 5),
(1390, 89, 6, 8, 1, 5, 4),
(1391, 89, 6, 9, 1, 2, 4),
(1392, 89, 6, 10, 1, 3, 5),
(1393, 89, 6, 11, 1, 3, 5),
(1394, 89, 6, 12, 1, 3, 4),
(1395, 89, 6, 13, 1, 5, 5),
(1396, 89, 6, 14, 1, 2, 4),
(1397, 89, 6, 15, 1, 3, 4),
(1398, 90, 8, 1, 1, 3, 5),
(1399, 90, 8, 2, 1, 4, 4),
(1400, 90, 8, 3, 1, 2, 5),
(1401, 90, 8, 4, 1, 4, 5),
(1402, 90, 8, 5, 1, 4, 4),
(1403, 90, 8, 6, 1, 4, 5),
(1404, 90, 8, 7, 1, 2, 5),
(1405, 90, 8, 8, 1, 3, 4),
(1406, 90, 8, 9, 1, 5, 5),
(1407, 90, 8, 10, 1, 3, 5),
(1408, 90, 8, 11, 1, 2, 5),
(1409, 90, 8, 12, 1, 3, 5),
(1410, 90, 8, 13, 1, 4, 4),
(1411, 90, 8, 14, 1, 3, 4),
(1412, 90, 8, 15, 1, 4, 5),
(1413, 91, 2, 1, 1, 2, 4),
(1414, 91, 2, 2, 1, 3, 5),
(1415, 91, 2, 3, 1, 4, 5),
(1416, 91, 2, 4, 1, 1, 5),
(1417, 91, 2, 5, 1, 3, 5),
(1418, 91, 2, 6, 1, 3, 4),
(1419, 91, 2, 7, 1, 2, 5),
(1420, 91, 2, 8, 1, 4, 4),
(1421, 91, 2, 9, 1, 3, 5),
(1422, 91, 2, 10, 1, 4, 5),
(1423, 91, 2, 11, 1, 4, 5),
(1424, 91, 2, 12, 1, 2, 5),
(1425, 91, 2, 13, 1, 5, 5),
(1426, 91, 2, 14, 1, 3, 4),
(1427, 91, 2, 15, 1, 3, 2),
(1428, 92, 2, 1, 1, 3, 4),
(1429, 92, 2, 2, 1, 3, 5),
(1430, 92, 2, 3, 1, 4, 4),
(1431, 92, 2, 4, 1, 2, 4),
(1432, 92, 2, 5, 1, 3, 5),
(1433, 92, 2, 6, 1, 3, 4),
(1434, 92, 2, 7, 1, 4, 5),
(1435, 92, 2, 8, 1, 2, 5),
(1436, 92, 2, 9, 1, 3, 4),
(1437, 92, 2, 10, 1, 5, 5),
(1438, 92, 2, 11, 1, 3, 4),
(1439, 92, 2, 12, 1, 3, 5),
(1440, 92, 2, 13, 1, 2, 5),
(1441, 92, 2, 14, 1, 2, 4),
(1442, 92, 2, 15, 1, 3, 4),
(1458, 93, 3, 1, 1, 3, 5),
(1459, 93, 3, 2, 1, 3, 4),
(1460, 93, 3, 3, 1, 4, 5),
(1461, 93, 3, 4, 1, 3, 5),
(1462, 93, 3, 5, 1, 2, 4),
(1463, 93, 3, 6, 1, 4, 5),
(1464, 93, 3, 7, 1, 4, 4),
(1465, 93, 3, 8, 1, 2, 4),
(1466, 93, 3, 9, 1, 3, 4),
(1467, 93, 3, 10, 1, 3, 5),
(1468, 93, 3, 11, 1, 4, 5),
(1469, 93, 3, 12, 1, 5, 4),
(1470, 93, 3, 13, 1, 4, 5),
(1471, 93, 3, 14, 1, 4, 4),
(1472, 93, 3, 15, 1, 3, 5),
(1473, 94, 2, 1, 1, 5, 5),
(1474, 94, 2, 2, 1, 4, 5),
(1475, 94, 2, 3, 1, 3, 3),
(1476, 94, 2, 4, 1, 2, 5),
(1477, 94, 2, 5, 1, 4, 5),
(1478, 94, 2, 6, 1, 3, 5),
(1479, 94, 2, 7, 1, 4, 5),
(1480, 94, 2, 8, 1, 2, 5),
(1481, 94, 2, 9, 1, 3, 4),
(1482, 94, 2, 10, 1, 5, 5),
(1483, 94, 2, 11, 1, 3, 5),
(1484, 94, 2, 12, 1, 4, 4),
(1485, 94, 2, 13, 1, 2, 5),
(1486, 94, 2, 14, 1, 4, 5),
(1487, 94, 2, 15, 1, 4, 4),
(1488, 96, 1, 1, 1, 5, 5),
(1489, 96, 1, 2, 1, 3, 5),
(1490, 96, 1, 3, 1, 5, 5),
(1491, 96, 1, 4, 1, 4, 5),
(1492, 96, 1, 5, 1, 5, 5),
(1493, 96, 1, 6, 1, 5, 5),
(1494, 96, 1, 7, 1, 5, 5),
(1495, 96, 1, 8, 1, 3, 5),
(1496, 96, 1, 9, 1, 4, 5),
(1497, 96, 1, 10, 1, 4, 5),
(1498, 96, 1, 11, 1, 4, 5),
(1499, 96, 1, 12, 1, 5, 5),
(1500, 96, 1, 13, 1, 4, 5),
(1501, 96, 1, 14, 1, 5, 5),
(1502, 96, 1, 15, 1, 5, 5),
(1503, 97, 1, 1, 1, 5, 5),
(1504, 97, 1, 2, 1, 4, 5),
(1505, 97, 1, 3, 1, 5, 5),
(1506, 97, 1, 4, 1, 5, 5),
(1507, 97, 1, 5, 1, 5, 5),
(1508, 97, 1, 6, 1, 5, 5),
(1509, 97, 1, 7, 1, 5, 5),
(1510, 97, 1, 8, 1, 4, 5),
(1511, 97, 1, 9, 1, 5, 5),
(1512, 97, 1, 10, 1, 5, 5),
(1513, 97, 1, 11, 1, 5, 5),
(1514, 97, 1, 12, 1, 5, 5),
(1515, 97, 1, 13, 1, 5, 5),
(1516, 97, 1, 14, 1, 5, 5),
(1517, 97, 1, 15, 1, 5, 5),
(1518, 98, 2, 1, 1, 3, 4),
(1519, 98, 2, 2, 1, 4, 4),
(1520, 98, 2, 3, 1, 4, 4),
(1521, 98, 2, 4, 1, 3, 4),
(1522, 98, 2, 5, 1, 3, 4),
(1523, 98, 2, 6, 1, 4, 4),
(1524, 98, 2, 7, 1, 4, 4),
(1525, 98, 2, 8, 1, 3, 4),
(1526, 98, 2, 9, 1, 3, 4),
(1527, 98, 2, 10, 1, 4, 4),
(1528, 98, 2, 11, 1, 4, 4),
(1529, 98, 2, 12, 1, 3, 4),
(1530, 98, 2, 13, 1, 4, 4),
(1531, 98, 2, 14, 1, 3, 4),
(1532, 98, 2, 15, 1, 4, 4),
(1533, 99, 3, 1, 1, 4, 5),
(1534, 99, 3, 2, 1, 4, 5),
(1535, 99, 3, 3, 1, 5, 5),
(1536, 99, 3, 4, 1, 4, 5),
(1537, 99, 3, 5, 1, 4, 5),
(1538, 99, 3, 6, 1, 5, 5),
(1539, 99, 3, 7, 1, 5, 5),
(1540, 99, 3, 8, 1, 5, 5),
(1541, 99, 3, 9, 1, 5, 5),
(1542, 99, 3, 10, 1, 5, 5),
(1543, 99, 3, 11, 1, 5, 5),
(1544, 99, 3, 12, 1, 5, 5),
(1545, 99, 3, 13, 1, 5, 5),
(1546, 99, 3, 14, 1, 5, 5),
(1547, 99, 3, 15, 1, 5, 5),
(1548, 100, 2, 1, 1, 3, 5),
(1549, 100, 2, 2, 1, 4, 5),
(1550, 100, 2, 3, 1, 5, 5),
(1551, 100, 2, 4, 1, 5, 5),
(1552, 100, 2, 5, 1, 4, 5),
(1553, 100, 2, 6, 1, 4, 5),
(1554, 100, 2, 7, 1, 5, 5),
(1555, 100, 2, 8, 1, 4, 5),
(1556, 100, 2, 9, 1, 4, 5),
(1557, 100, 2, 10, 1, 5, 5),
(1558, 100, 2, 11, 1, 4, 5),
(1559, 100, 2, 12, 1, 5, 5),
(1560, 100, 2, 13, 1, 5, 5),
(1561, 100, 2, 14, 1, 5, 5),
(1562, 100, 2, 15, 1, 4, 5),
(1563, 101, 4, 1, 1, 4, 5),
(1564, 101, 4, 2, 1, 4, 5),
(1565, 101, 4, 3, 1, 5, 5),
(1566, 101, 4, 4, 1, 3, 5),
(1567, 101, 4, 5, 1, 4, 5),
(1568, 101, 4, 6, 1, 4, 5),
(1569, 101, 4, 7, 1, 5, 5),
(1570, 101, 4, 8, 1, 4, 5),
(1571, 101, 4, 9, 1, 4, 5),
(1572, 101, 4, 10, 1, 5, 5),
(1573, 101, 4, 11, 1, 5, 5),
(1574, 101, 4, 12, 1, 5, 5),
(1575, 101, 4, 13, 1, 5, 5),
(1576, 101, 4, 14, 1, 5, 5),
(1577, 101, 4, 15, 1, 4, 5),
(1578, 102, 7, 1, 1, 4, 5),
(1579, 102, 7, 2, 1, 3, 5),
(1580, 102, 7, 3, 1, 5, 5),
(1581, 102, 7, 4, 1, 4, 5),
(1582, 102, 7, 5, 1, 4, 5),
(1583, 102, 7, 6, 1, 4, 5),
(1584, 102, 7, 7, 1, 5, 5),
(1585, 102, 7, 8, 1, 4, 5),
(1586, 102, 7, 9, 1, 4, 5),
(1587, 102, 7, 10, 1, 4, 5),
(1588, 102, 7, 11, 1, 4, 5),
(1589, 102, 7, 12, 1, 4, 5),
(1590, 102, 7, 13, 1, 5, 5),
(1591, 102, 7, 14, 1, 5, 5),
(1592, 102, 7, 15, 1, 5, 5),
(1593, 103, 4, 1, 1, 4, 4),
(1594, 103, 4, 2, 1, 4, 4),
(1595, 103, 4, 3, 1, 4, 4),
(1596, 103, 4, 4, 1, 4, 4),
(1597, 103, 4, 5, 1, 4, 4),
(1598, 103, 4, 6, 1, 4, 4),
(1599, 103, 4, 7, 1, 4, 4),
(1600, 103, 4, 8, 1, 4, 4),
(1601, 103, 4, 9, 1, 4, 4),
(1602, 103, 4, 10, 1, 4, 4),
(1603, 103, 4, 11, 1, 4, 4),
(1604, 103, 4, 12, 1, 4, 4),
(1605, 103, 4, 13, 1, 4, 4),
(1606, 103, 4, 14, 1, 4, 4),
(1607, 103, 4, 15, 1, 4, 4),
(1608, 104, 8, 1, 1, 4, 5),
(1609, 104, 8, 2, 1, 3, 5),
(1610, 104, 8, 3, 1, 4, 5),
(1611, 104, 8, 4, 1, 4, 5),
(1612, 104, 8, 5, 1, 3, 5),
(1613, 104, 8, 6, 1, 4, 5),
(1614, 104, 8, 7, 1, 4, 5),
(1615, 104, 8, 8, 1, 4, 5),
(1616, 104, 8, 9, 1, 4, 5),
(1617, 104, 8, 10, 1, 4, 5),
(1618, 104, 8, 11, 1, 4, 5),
(1619, 104, 8, 12, 1, 4, 5),
(1620, 104, 8, 13, 1, 4, 5),
(1621, 104, 8, 14, 1, 5, 5),
(1622, 104, 8, 15, 1, 5, 5),
(1623, 105, 6, 1, 1, 5, 5),
(1624, 105, 6, 2, 1, 5, 5),
(1625, 105, 6, 3, 1, 5, 5),
(1626, 105, 6, 4, 1, 5, 5),
(1627, 105, 6, 5, 1, 5, 5),
(1628, 105, 6, 6, 1, 5, 5),
(1629, 105, 6, 7, 1, 5, 5),
(1630, 105, 6, 8, 1, 5, 5),
(1631, 105, 6, 9, 1, 5, 5),
(1632, 105, 6, 10, 1, 5, 5),
(1633, 105, 6, 11, 1, 5, 5),
(1634, 105, 6, 12, 1, 5, 5),
(1635, 105, 6, 13, 1, 5, 5),
(1636, 105, 6, 14, 1, 5, 5),
(1637, 105, 6, 15, 1, 5, 5),
(1638, 106, 6, 1, 1, 4, 5),
(1639, 106, 6, 2, 1, 5, 5),
(1640, 106, 6, 3, 1, 4, 5),
(1641, 106, 6, 4, 1, 3, 4),
(1642, 106, 6, 5, 1, 4, 5),
(1643, 106, 6, 6, 1, 5, 5),
(1644, 106, 6, 7, 1, 5, 5),
(1645, 106, 6, 8, 1, 5, 5),
(1646, 106, 6, 9, 1, 5, 5),
(1647, 106, 6, 10, 1, 5, 5),
(1648, 106, 6, 11, 1, 5, 5),
(1649, 106, 6, 12, 1, 4, 5),
(1650, 106, 6, 13, 1, 5, 5),
(1651, 106, 6, 14, 1, 5, 5),
(1652, 106, 6, 15, 1, 5, 5),
(1653, 107, 7, 1, 1, 5, 5),
(1654, 107, 7, 2, 1, 4, 5),
(1655, 107, 7, 3, 1, 5, 5),
(1656, 107, 7, 4, 1, 3, 5),
(1657, 107, 7, 5, 1, 5, 5),
(1658, 107, 7, 6, 1, 4, 5),
(1659, 107, 7, 7, 1, 5, 5),
(1660, 107, 7, 8, 1, 5, 5),
(1661, 107, 7, 9, 1, 5, 5),
(1662, 107, 7, 10, 1, 5, 5),
(1663, 107, 7, 11, 1, 5, 5),
(1664, 107, 7, 12, 1, 5, 5),
(1665, 107, 7, 13, 1, 5, 5),
(1666, 107, 7, 14, 1, 5, 5),
(1667, 107, 7, 15, 1, 5, 5),
(1668, 108, 8, 1, 1, 4, 5),
(1669, 108, 8, 2, 1, 4, 5),
(1670, 108, 8, 3, 1, 5, 5),
(1671, 108, 8, 4, 1, 4, 5),
(1672, 108, 8, 5, 1, 5, 5),
(1673, 108, 8, 6, 1, 4, 5),
(1674, 108, 8, 7, 1, 5, 5),
(1675, 108, 8, 8, 1, 4, 5),
(1676, 108, 8, 9, 1, 4, 5),
(1677, 108, 8, 10, 1, 4, 5),
(1678, 108, 8, 11, 1, 5, 5),
(1679, 108, 8, 12, 1, 3, 5),
(1680, 108, 8, 13, 1, 4, 5),
(1681, 108, 8, 14, 1, 5, 5),
(1682, 108, 8, 15, 1, 4, 5),
(1683, 109, 7, 1, 1, 5, 5),
(1684, 109, 7, 2, 1, 4, 5),
(1685, 109, 7, 3, 1, 5, 5),
(1686, 109, 7, 4, 1, 5, 5),
(1687, 109, 7, 5, 1, 5, 5),
(1688, 109, 7, 6, 1, 5, 5),
(1689, 109, 7, 7, 1, 5, 5),
(1690, 109, 7, 8, 1, 5, 5),
(1691, 109, 7, 9, 1, 5, 5),
(1692, 109, 7, 10, 1, 5, 5),
(1693, 109, 7, 11, 1, 5, 5),
(1694, 109, 7, 12, 1, 4, 5),
(1695, 109, 7, 13, 1, 4, 5),
(1696, 109, 7, 14, 1, 5, 5),
(1697, 109, 7, 15, 1, 5, 5),
(1698, 110, 8, 1, 1, 5, 5),
(1699, 110, 8, 2, 1, 4, 5),
(1700, 110, 8, 3, 1, 5, 5),
(1701, 110, 8, 4, 1, 4, 5),
(1702, 110, 8, 5, 1, 3, 5),
(1703, 110, 8, 6, 1, 4, 5),
(1704, 110, 8, 7, 1, 5, 5),
(1705, 110, 8, 8, 1, 3, 5),
(1706, 110, 8, 9, 1, 5, 5),
(1707, 110, 8, 10, 1, 5, 5),
(1708, 110, 8, 11, 1, 5, 5),
(1709, 110, 8, 12, 1, 5, 5),
(1710, 110, 8, 13, 1, 5, 5),
(1711, 110, 8, 14, 1, 5, 5),
(1712, 110, 8, 15, 1, 5, 5),
(1713, 111, 6, 1, 1, 5, 5),
(1714, 111, 6, 2, 1, 5, 5),
(1715, 111, 6, 3, 1, 5, 5),
(1716, 111, 6, 4, 1, 5, 5),
(1717, 111, 6, 5, 1, 5, 5),
(1718, 111, 6, 6, 1, 5, 5),
(1719, 111, 6, 7, 1, 5, 5),
(1720, 111, 6, 8, 1, 5, 5),
(1721, 111, 6, 9, 1, 5, 5),
(1722, 111, 6, 10, 1, 5, 5),
(1723, 111, 6, 11, 1, 5, 5),
(1724, 111, 6, 12, 1, 5, 5),
(1725, 111, 6, 13, 1, 5, 5),
(1726, 111, 6, 14, 1, 5, 5),
(1727, 111, 6, 15, 1, 5, 5),
(1728, 112, 6, 1, 1, 3, 5),
(1729, 112, 6, 2, 1, 4, 5),
(1730, 112, 6, 3, 1, 4, 5),
(1731, 112, 6, 4, 1, 2, 5),
(1732, 112, 6, 5, 1, 2, 5),
(1733, 112, 6, 6, 1, 3, 5),
(1734, 112, 6, 7, 1, 4, 5),
(1735, 112, 6, 8, 1, 2, 5),
(1736, 112, 6, 9, 1, 3, 5),
(1737, 112, 6, 10, 1, 4, 5),
(1738, 112, 6, 11, 1, 3, 5),
(1739, 112, 6, 12, 1, 4, 5),
(1740, 112, 6, 13, 1, 3, 5),
(1741, 112, 6, 14, 1, 5, 5),
(1742, 112, 6, 15, 1, 4, 5),
(1743, 113, 6, 1, 1, 5, 5),
(1744, 113, 6, 2, 1, 5, 5),
(1745, 113, 6, 3, 1, 5, 5),
(1746, 113, 6, 4, 1, 5, 5),
(1747, 113, 6, 5, 1, 5, 5),
(1748, 113, 6, 6, 1, 5, 5),
(1749, 113, 6, 7, 1, 5, 5),
(1750, 113, 6, 8, 1, 5, 5),
(1751, 113, 6, 9, 1, 5, 5),
(1752, 113, 6, 10, 1, 5, 5),
(1753, 113, 6, 11, 1, 5, 5),
(1754, 113, 6, 12, 1, 5, 5),
(1755, 113, 6, 13, 1, 5, 5),
(1756, 113, 6, 14, 1, 5, 5),
(1757, 113, 6, 15, 1, 5, 5),
(1758, 114, 7, 1, 1, 5, 5),
(1759, 114, 7, 2, 1, 5, 5),
(1760, 114, 7, 3, 1, 5, 5),
(1761, 114, 7, 4, 1, 5, 5),
(1762, 114, 7, 5, 1, 5, 5),
(1763, 114, 7, 6, 1, 5, 5),
(1764, 114, 7, 7, 1, 5, 5),
(1765, 114, 7, 8, 1, 5, 5),
(1766, 114, 7, 9, 1, 5, 5),
(1767, 114, 7, 10, 1, 5, 5),
(1768, 114, 7, 11, 1, 5, 5),
(1769, 114, 7, 12, 1, 5, 5),
(1770, 114, 7, 13, 1, 5, 5),
(1771, 114, 7, 14, 1, 5, 5),
(1772, 114, 7, 15, 1, 5, 5),
(1773, 115, 7, 1, 1, 4, 5),
(1774, 115, 7, 2, 1, 4, 5),
(1775, 115, 7, 3, 1, 5, 5),
(1776, 115, 7, 4, 1, 4, 5),
(1777, 115, 7, 5, 1, 3, 5),
(1778, 115, 7, 6, 1, 5, 5),
(1779, 115, 7, 7, 1, 5, 5),
(1780, 115, 7, 8, 1, 4, 5),
(1781, 115, 7, 9, 1, 3, 5),
(1782, 115, 7, 10, 1, 5, 5),
(1783, 115, 7, 11, 1, 5, 5),
(1784, 115, 7, 12, 1, 4, 5),
(1785, 115, 7, 13, 1, 5, 5),
(1786, 115, 7, 14, 1, 4, 5),
(1787, 115, 7, 15, 1, 5, 5),
(1788, 116, 7, 1, 1, 5, 5),
(1789, 116, 7, 2, 1, 5, 5),
(1790, 116, 7, 3, 1, 5, 5),
(1791, 116, 7, 4, 1, 5, 5),
(1792, 116, 7, 5, 1, 5, 5),
(1793, 116, 7, 6, 1, 5, 5),
(1794, 116, 7, 7, 1, 5, 5),
(1795, 116, 7, 8, 1, 5, 5),
(1796, 116, 7, 9, 1, 5, 5),
(1797, 116, 7, 10, 1, 5, 5),
(1798, 116, 7, 11, 1, 5, 5),
(1799, 116, 7, 12, 1, 5, 5),
(1800, 116, 7, 13, 1, 5, 5),
(1801, 116, 7, 14, 1, 5, 5),
(1802, 116, 7, 15, 1, 5, 5),
(1803, 117, 8, 1, 1, 5, 5),
(1804, 117, 8, 2, 1, 4, 5),
(1805, 117, 8, 3, 1, 5, 5),
(1806, 117, 8, 4, 1, 5, 5),
(1807, 117, 8, 5, 1, 5, 5),
(1808, 117, 8, 6, 1, 5, 5),
(1809, 117, 8, 7, 1, 5, 5),
(1810, 117, 8, 8, 1, 5, 5),
(1811, 117, 8, 9, 1, 5, 5),
(1812, 117, 8, 10, 1, 5, 5),
(1813, 117, 8, 11, 1, 5, 5),
(1814, 117, 8, 12, 1, 5, 5),
(1815, 117, 8, 13, 1, 5, 5),
(1816, 117, 8, 14, 1, 5, 5),
(1817, 117, 8, 15, 1, 5, 5),
(1818, 118, 2, 1, 1, 4, 5),
(1819, 118, 2, 2, 1, 4, 5),
(1820, 118, 2, 3, 1, 5, 5),
(1821, 118, 2, 4, 1, 4, 5),
(1822, 118, 2, 5, 1, 5, 5),
(1823, 118, 2, 6, 1, 5, 5),
(1824, 118, 2, 7, 1, 3, 5),
(1825, 118, 2, 8, 1, 5, 5),
(1826, 118, 2, 9, 1, 4, 5),
(1827, 118, 2, 10, 1, 5, 5),
(1828, 118, 2, 11, 1, 5, 5),
(1829, 118, 2, 12, 1, 5, 5),
(1830, 118, 2, 13, 1, 4, 5),
(1831, 118, 2, 14, 1, 5, 5),
(1832, 118, 2, 15, 1, 4, 5),
(1833, 119, 3, 1, 1, 4, 5),
(1834, 119, 3, 2, 1, 5, 5),
(1835, 119, 3, 3, 1, 5, 5),
(1836, 119, 3, 4, 1, 4, 5),
(1837, 119, 3, 5, 1, 5, 5),
(1838, 119, 3, 6, 1, 4, 4),
(1839, 119, 3, 7, 1, 5, 5),
(1840, 119, 3, 8, 1, 5, 5),
(1841, 119, 3, 9, 1, 5, 5),
(1842, 119, 3, 10, 1, 5, 5),
(1843, 119, 3, 11, 1, 5, 5),
(1844, 119, 3, 12, 1, 5, 5),
(1845, 119, 3, 13, 1, 5, 5),
(1846, 119, 3, 14, 1, 5, 5),
(1847, 119, 3, 15, 1, 5, 5),
(1848, 120, 1, 1, 1, 4, 4),
(1849, 120, 1, 2, 1, 4, 4),
(1850, 120, 1, 3, 1, 4, 4),
(1851, 120, 1, 4, 1, 4, 4),
(1852, 120, 1, 5, 1, 4, 4),
(1853, 120, 1, 6, 1, 4, 4),
(1854, 120, 1, 7, 1, 4, 4),
(1855, 120, 1, 8, 1, 4, 4),
(1856, 120, 1, 9, 1, 4, 4),
(1857, 120, 1, 10, 1, 4, 4),
(1858, 120, 1, 11, 1, 4, 4),
(1859, 120, 1, 12, 1, 4, 4),
(1860, 120, 1, 13, 1, 4, 4),
(1861, 120, 1, 14, 1, 4, 4),
(1862, 120, 1, 15, 1, 4, 4),
(1863, 121, 6, 1, 1, 5, 5),
(1864, 121, 6, 2, 1, 5, 5),
(1865, 121, 6, 3, 1, 5, 5),
(1866, 121, 6, 4, 1, 5, 5),
(1867, 121, 6, 5, 1, 5, 5),
(1868, 121, 6, 6, 1, 5, 5),
(1869, 121, 6, 7, 1, 5, 5),
(1870, 121, 6, 8, 1, 5, 5),
(1871, 121, 6, 9, 1, 5, 5),
(1872, 121, 6, 10, 1, 5, 5),
(1873, 121, 6, 11, 1, 5, 5),
(1874, 121, 6, 12, 1, 5, 5),
(1875, 121, 6, 13, 1, 5, 5),
(1876, 121, 6, 14, 1, 5, 5),
(1877, 121, 6, 15, 1, 5, 5),
(1878, 122, 1, 1, 1, 4, 5),
(1879, 122, 1, 2, 1, 4, 5),
(1880, 122, 1, 3, 1, 5, 5),
(1881, 122, 1, 4, 1, 5, 5),
(1882, 122, 1, 5, 1, 5, 5),
(1883, 122, 1, 6, 1, 5, 5),
(1884, 122, 1, 7, 1, 5, 5),
(1885, 122, 1, 8, 1, 4, 5),
(1886, 122, 1, 9, 1, 5, 5),
(1887, 122, 1, 10, 1, 5, 5),
(1888, 122, 1, 11, 1, 5, 5),
(1889, 122, 1, 12, 1, 5, 5),
(1890, 122, 1, 13, 1, 5, 5),
(1891, 122, 1, 14, 1, 5, 5),
(1892, 122, 1, 15, 1, 5, 5),
(1893, 123, 1, 1, 1, 4, 5),
(1894, 123, 1, 2, 1, 5, 5),
(1895, 123, 1, 3, 1, 5, 5),
(1896, 123, 1, 4, 1, 5, 5),
(1897, 123, 1, 5, 1, 5, 5),
(1898, 123, 1, 6, 1, 5, 5),
(1899, 123, 1, 7, 1, 5, 5),
(1900, 123, 1, 8, 1, 4, 5),
(1901, 123, 1, 9, 1, 5, 5),
(1902, 123, 1, 10, 1, 5, 5),
(1903, 123, 1, 11, 1, 5, 5),
(1904, 123, 1, 12, 1, 5, 5),
(1905, 123, 1, 13, 1, 5, 5),
(1906, 123, 1, 14, 1, 5, 5),
(1907, 123, 1, 15, 1, 5, 5),
(1908, 124, 2, 1, 1, 5, 5),
(1909, 124, 2, 2, 1, 5, 5),
(1910, 124, 2, 3, 1, 5, 5),
(1911, 124, 2, 4, 1, 5, 5),
(1912, 124, 2, 5, 1, 5, 5),
(1913, 124, 2, 6, 1, 5, 5),
(1914, 124, 2, 7, 1, 5, 5),
(1915, 124, 2, 8, 1, 5, 5),
(1916, 124, 2, 9, 1, 5, 5),
(1917, 124, 2, 10, 1, 5, 5),
(1918, 124, 2, 11, 1, 5, 5),
(1919, 124, 2, 12, 1, 5, 5),
(1920, 124, 2, 13, 1, 5, 5),
(1921, 124, 2, 14, 1, 5, 5),
(1922, 124, 2, 15, 1, 5, 5),
(1923, 125, 3, 1, 1, 5, 5),
(1924, 125, 3, 2, 1, 3, 5),
(1925, 125, 3, 3, 1, 5, 5),
(1926, 125, 3, 4, 1, 4, 5),
(1927, 125, 3, 5, 1, 4, 5),
(1928, 125, 3, 6, 1, 5, 5),
(1929, 125, 3, 7, 1, 5, 5),
(1930, 125, 3, 8, 1, 5, 5),
(1931, 125, 3, 9, 1, 5, 5),
(1932, 125, 3, 10, 1, 5, 5),
(1933, 125, 3, 11, 1, 5, 5),
(1934, 125, 3, 12, 1, 5, 5),
(1935, 125, 3, 13, 1, 5, 5),
(1936, 125, 3, 14, 1, 5, 5),
(1937, 125, 3, 15, 1, 5, 5),
(1938, 126, 1, 1, 1, 4, 5),
(1939, 126, 1, 2, 1, 4, 5),
(1940, 126, 1, 3, 1, 4, 5),
(1941, 126, 1, 4, 1, 5, 5),
(1942, 126, 1, 5, 1, 5, 5),
(1943, 126, 1, 6, 1, 4, 5),
(1944, 126, 1, 7, 1, 4, 5),
(1945, 126, 1, 8, 1, 3, 5),
(1946, 126, 1, 9, 1, 5, 5),
(1947, 126, 1, 10, 1, 5, 5),
(1948, 126, 1, 11, 1, 5, 5),
(1949, 126, 1, 12, 1, 5, 5),
(1950, 126, 1, 13, 1, 5, 5),
(1951, 126, 1, 14, 1, 5, 5),
(1952, 126, 1, 15, 1, 5, 5),
(1953, 127, 4, 1, 1, 5, 5),
(1954, 127, 4, 2, 1, 4, 5),
(1955, 127, 4, 3, 1, 5, 5),
(1956, 127, 4, 4, 1, 5, 5),
(1957, 127, 4, 5, 1, 5, 5),
(1958, 127, 4, 6, 1, 5, 5),
(1959, 127, 4, 7, 1, 5, 5),
(1960, 127, 4, 8, 1, 5, 5),
(1961, 127, 4, 9, 1, 5, 5),
(1962, 127, 4, 10, 1, 5, 5),
(1963, 127, 4, 11, 1, 5, 5),
(1964, 127, 4, 12, 1, 5, 5),
(1965, 127, 4, 13, 1, 5, 5),
(1966, 127, 4, 14, 1, 5, 5),
(1967, 127, 4, 15, 1, 5, 5),
(1968, 128, 6, 1, 1, 5, 5),
(1969, 128, 6, 2, 1, 5, 5),
(1970, 128, 6, 3, 1, 5, 5),
(1971, 128, 6, 4, 1, 5, 5),
(1972, 128, 6, 5, 1, 4, 5),
(1973, 128, 6, 6, 1, 5, 5),
(1974, 128, 6, 7, 1, 5, 5),
(1975, 128, 6, 8, 1, 5, 5),
(1976, 128, 6, 9, 1, 5, 5),
(1977, 128, 6, 10, 1, 5, 5),
(1978, 128, 6, 11, 1, 5, 5),
(1979, 128, 6, 12, 1, 5, 5),
(1980, 128, 6, 13, 1, 5, 5),
(1981, 128, 6, 14, 1, 4, 5),
(1982, 128, 6, 15, 1, 5, 5),
(1983, 129, 7, 1, 1, 4, 5),
(1984, 129, 7, 2, 1, 4, 5),
(1985, 129, 7, 3, 1, 5, 5),
(1986, 129, 7, 4, 1, 5, 5),
(1987, 129, 7, 5, 1, 5, 5),
(1988, 129, 7, 6, 1, 5, 5),
(1989, 129, 7, 7, 1, 5, 5),
(1990, 129, 7, 8, 1, 4, 5),
(1991, 129, 7, 9, 1, 5, 5),
(1992, 129, 7, 10, 1, 5, 5),
(1993, 129, 7, 11, 1, 5, 5),
(1994, 129, 7, 12, 1, 5, 5),
(1995, 129, 7, 13, 1, 5, 5),
(1996, 129, 7, 14, 1, 5, 5),
(1997, 129, 7, 15, 1, 5, 5),
(1998, 130, 6, 1, 1, 5, 5),
(1999, 130, 6, 2, 1, 5, 5),
(2000, 130, 6, 3, 1, 5, 5),
(2001, 130, 6, 4, 1, 5, 5),
(2002, 130, 6, 5, 1, 5, 5),
(2003, 130, 6, 6, 1, 5, 5),
(2004, 130, 6, 7, 1, 5, 5),
(2005, 130, 6, 8, 1, 5, 5),
(2006, 130, 6, 9, 1, 5, 5),
(2007, 130, 6, 10, 1, 5, 5),
(2008, 130, 6, 11, 1, 5, 5),
(2009, 130, 6, 12, 1, 5, 5),
(2010, 130, 6, 13, 1, 5, 5),
(2011, 130, 6, 14, 1, 5, 5),
(2012, 130, 6, 15, 1, 5, 5),
(2013, 131, 7, 1, 1, 5, 5),
(2014, 131, 7, 2, 1, 5, 5),
(2015, 131, 7, 3, 1, 5, 5),
(2016, 131, 7, 4, 1, 5, 5),
(2017, 131, 7, 5, 1, 3, 5),
(2018, 131, 7, 6, 1, 5, 5),
(2019, 131, 7, 7, 1, 4, 5),
(2020, 131, 7, 8, 1, 3, 5),
(2021, 131, 7, 9, 1, 5, 5),
(2022, 131, 7, 10, 1, 5, 5),
(2023, 131, 7, 11, 1, 5, 5),
(2024, 131, 7, 12, 1, 5, 5),
(2025, 131, 7, 13, 1, 5, 5),
(2026, 131, 7, 14, 1, 5, 5),
(2027, 131, 7, 15, 1, 5, 5),
(2028, 132, 4, 1, 1, 5, 5),
(2029, 132, 4, 2, 1, 5, 5),
(2030, 132, 4, 3, 1, 5, 5),
(2031, 132, 4, 4, 1, 5, 5),
(2032, 132, 4, 5, 1, 5, 5),
(2033, 132, 4, 6, 1, 5, 5),
(2034, 132, 4, 7, 1, 4, 5),
(2035, 132, 4, 8, 1, 4, 5),
(2036, 132, 4, 9, 1, 5, 5),
(2037, 132, 4, 10, 1, 5, 5),
(2038, 132, 4, 11, 1, 5, 5),
(2039, 132, 4, 12, 1, 5, 5),
(2040, 132, 4, 13, 1, 5, 5),
(2041, 132, 4, 14, 1, 5, 5),
(2042, 132, 4, 15, 1, 5, 5),
(2043, 133, 8, 1, 1, 5, 5),
(2044, 133, 8, 2, 1, 5, 5),
(2045, 133, 8, 3, 1, 5, 5),
(2046, 133, 8, 4, 1, 5, 5),
(2047, 133, 8, 5, 1, 5, 5),
(2048, 133, 8, 6, 1, 5, 5),
(2049, 133, 8, 7, 1, 5, 5),
(2050, 133, 8, 8, 1, 5, 5),
(2051, 133, 8, 9, 1, 5, 5),
(2052, 133, 8, 10, 1, 5, 5),
(2053, 133, 8, 11, 1, 5, 5),
(2054, 133, 8, 12, 1, 5, 5),
(2055, 133, 8, 13, 1, 5, 5),
(2056, 133, 8, 14, 1, 5, 5),
(2057, 133, 8, 15, 1, 5, 5),
(2058, 134, 4, 1, 1, 5, 5),
(2059, 134, 4, 2, 1, 5, 5),
(2060, 134, 4, 3, 1, 5, 5),
(2061, 134, 4, 4, 1, 5, 5),
(2062, 134, 4, 5, 1, 5, 5),
(2063, 134, 4, 6, 1, 5, 5),
(2064, 134, 4, 7, 1, 5, 5),
(2065, 134, 4, 8, 1, 5, 5),
(2066, 134, 4, 9, 1, 5, 5),
(2067, 134, 4, 10, 1, 5, 5),
(2068, 134, 4, 11, 1, 5, 5),
(2069, 134, 4, 12, 1, 5, 5),
(2070, 134, 4, 13, 1, 5, 5),
(2071, 134, 4, 14, 1, 5, 5),
(2072, 134, 4, 15, 1, 5, 5),
(2073, 135, 7, 1, 1, 4, 5),
(2074, 135, 7, 2, 1, 3, 5),
(2075, 135, 7, 3, 1, 5, 5),
(2076, 135, 7, 4, 1, 5, 5),
(2077, 135, 7, 5, 1, 3, 5),
(2078, 135, 7, 6, 1, 5, 5),
(2079, 135, 7, 7, 1, 3, 5),
(2080, 135, 7, 8, 1, 5, 5),
(2081, 135, 7, 9, 1, 5, 5),
(2082, 135, 7, 10, 1, 5, 5),
(2083, 135, 7, 11, 1, 5, 5),
(2084, 135, 7, 12, 1, 5, 5),
(2085, 135, 7, 13, 1, 5, 5),
(2086, 135, 7, 14, 1, 5, 5),
(2087, 135, 7, 15, 1, 5, 5),
(2088, 136, 6, 1, 1, 3, 5),
(2089, 136, 6, 2, 1, 4, 5),
(2090, 136, 6, 3, 1, 4, 5),
(2091, 136, 6, 4, 1, 3, 5),
(2092, 136, 6, 5, 1, 4, 5),
(2093, 136, 6, 6, 1, 4, 5),
(2094, 136, 6, 7, 1, 3, 5),
(2095, 136, 6, 8, 1, 4, 5),
(2096, 136, 6, 9, 1, 5, 4),
(2097, 136, 6, 10, 1, 3, 5),
(2098, 136, 6, 11, 1, 5, 5),
(2099, 136, 6, 12, 1, 3, 5),
(2100, 136, 6, 13, 1, 5, 5),
(2101, 136, 6, 14, 1, 5, 5),
(2102, 136, 6, 15, 1, 5, 5),
(2103, 137, 4, 1, 1, 5, 5),
(2104, 137, 4, 2, 1, 5, 5),
(2105, 137, 4, 3, 1, 5, 5),
(2106, 137, 4, 4, 1, 5, 5),
(2107, 137, 4, 5, 1, 3, 5),
(2108, 137, 4, 6, 1, 4, 5),
(2109, 137, 4, 7, 1, 5, 5),
(2110, 137, 4, 8, 1, 4, 5),
(2111, 137, 4, 9, 1, 3, 4),
(2112, 137, 4, 10, 1, 5, 4),
(2113, 137, 4, 11, 1, 5, 4),
(2114, 137, 4, 12, 1, 4, 5),
(2115, 137, 4, 13, 1, 5, 5),
(2116, 137, 4, 14, 1, 5, 5),
(2117, 137, 4, 15, 1, 4, 5),
(2118, 138, 9, 1, 1, 5, 5),
(2119, 138, 9, 2, 1, 5, 5),
(2120, 138, 9, 3, 1, 5, 5),
(2121, 138, 9, 4, 1, 5, 5),
(2122, 138, 9, 5, 1, 5, 5),
(2123, 138, 9, 6, 1, 5, 5),
(2124, 138, 9, 7, 1, 5, 5),
(2125, 138, 9, 8, 1, 5, 5),
(2126, 138, 9, 9, 1, 5, 5),
(2127, 138, 9, 10, 1, 5, 5),
(2128, 138, 9, 11, 1, 5, 5),
(2129, 138, 9, 12, 1, 5, 5),
(2130, 138, 9, 13, 1, 5, 5),
(2131, 138, 9, 14, 1, 5, 5),
(2132, 138, 9, 15, 1, 5, 5),
(2133, 139, 9, 1, 1, 5, 5),
(2134, 139, 9, 2, 1, 5, 5),
(2135, 139, 9, 3, 1, 5, 5),
(2136, 139, 9, 4, 1, 3, 5),
(2137, 139, 9, 5, 1, 3, 5),
(2138, 139, 9, 6, 1, 5, 5),
(2139, 139, 9, 7, 1, 5, 5),
(2140, 139, 9, 8, 1, 5, 5),
(2141, 139, 9, 9, 1, 5, 5),
(2142, 139, 9, 10, 1, 5, 5),
(2143, 139, 9, 11, 1, 5, 5),
(2144, 139, 9, 12, 1, 5, 5),
(2145, 139, 9, 13, 1, 5, 5),
(2146, 139, 9, 14, 1, 5, 5),
(2147, 139, 9, 15, 1, 5, 5),
(2148, 140, 9, 1, 1, 5, 5),
(2149, 140, 9, 2, 1, 5, 5),
(2150, 140, 9, 3, 1, 5, 5),
(2151, 140, 9, 4, 1, 5, 5),
(2152, 140, 9, 5, 1, 5, 5),
(2153, 140, 9, 6, 1, 5, 5),
(2154, 140, 9, 7, 1, 4, 5),
(2155, 140, 9, 8, 1, 4, 5),
(2156, 140, 9, 9, 1, 5, 5),
(2157, 140, 9, 10, 1, 5, 5),
(2158, 140, 9, 11, 1, 5, 5),
(2159, 140, 9, 12, 1, 5, 5),
(2160, 140, 9, 13, 1, 5, 5),
(2161, 140, 9, 14, 1, 5, 5),
(2162, 140, 9, 15, 1, 5, 5),
(2163, 141, 9, 1, 1, 5, 5),
(2164, 141, 9, 2, 1, 5, 5),
(2165, 141, 9, 3, 1, 4, 5),
(2166, 141, 9, 4, 1, 4, 5),
(2167, 141, 9, 5, 1, 4, 5),
(2168, 141, 9, 6, 1, 5, 5),
(2169, 141, 9, 7, 1, 5, 5),
(2170, 141, 9, 8, 1, 5, 5),
(2171, 141, 9, 9, 1, 5, 5),
(2172, 141, 9, 10, 1, 5, 5),
(2173, 141, 9, 11, 1, 5, 5),
(2174, 141, 9, 12, 1, 5, 5),
(2175, 141, 9, 13, 1, 5, 5),
(2176, 141, 9, 14, 1, 5, 5),
(2177, 141, 9, 15, 1, 5, 5);
INSERT INTO `nilai_survei` (`ID_SURVEI`, `ID_RESPONDEN`, `ID_POLI`, `ID_SUB`, `ID_PERIODE`, `NILAI_PERSEPSI`, `NILAI_HARAPAN`) VALUES
(2178, 142, 9, 1, 1, 4, 5),
(2179, 142, 9, 2, 1, 5, 5),
(2180, 142, 9, 3, 1, 5, 5),
(2181, 142, 9, 4, 1, 5, 5),
(2182, 142, 9, 5, 1, 5, 5),
(2183, 142, 9, 6, 1, 5, 5),
(2184, 142, 9, 7, 1, 5, 5),
(2185, 142, 9, 8, 1, 5, 5),
(2186, 142, 9, 9, 1, 5, 5),
(2187, 142, 9, 10, 1, 5, 5),
(2188, 142, 9, 11, 1, 5, 5),
(2189, 142, 9, 12, 1, 5, 5),
(2190, 142, 9, 13, 1, 5, 5),
(2191, 142, 9, 14, 1, 5, 5),
(2192, 142, 9, 15, 1, 5, 5),
(2193, 143, 9, 1, 1, 5, 5),
(2194, 143, 9, 2, 1, 5, 5),
(2195, 143, 9, 3, 1, 5, 5),
(2196, 143, 9, 4, 1, 5, 5),
(2197, 143, 9, 5, 1, 5, 5),
(2198, 143, 9, 6, 1, 5, 5),
(2199, 143, 9, 7, 1, 5, 5),
(2200, 143, 9, 8, 1, 5, 5),
(2201, 143, 9, 9, 1, 5, 5),
(2202, 143, 9, 10, 1, 5, 5),
(2203, 143, 9, 11, 1, 5, 5),
(2204, 143, 9, 12, 1, 5, 5),
(2205, 143, 9, 13, 1, 5, 5),
(2206, 143, 9, 14, 1, 5, 5),
(2207, 143, 9, 15, 1, 5, 5),
(2208, 144, 9, 1, 1, 4, 5),
(2209, 144, 9, 2, 1, 3, 5),
(2210, 144, 9, 3, 1, 4, 5),
(2211, 144, 9, 4, 1, 3, 5),
(2212, 144, 9, 5, 1, 3, 5),
(2213, 144, 9, 6, 1, 5, 5),
(2214, 144, 9, 7, 1, 4, 5),
(2215, 144, 9, 8, 1, 4, 5),
(2216, 144, 9, 9, 1, 3, 5),
(2217, 144, 9, 10, 1, 3, 5),
(2218, 144, 9, 11, 1, 4, 5),
(2219, 144, 9, 12, 1, 3, 5),
(2220, 144, 9, 13, 1, 3, 5),
(2221, 144, 9, 14, 1, 5, 5),
(2222, 144, 9, 15, 1, 5, 5),
(2223, 145, 9, 1, 1, 4, 5),
(2224, 145, 9, 2, 1, 5, 5),
(2225, 145, 9, 3, 1, 4, 5),
(2226, 145, 9, 4, 1, 4, 5),
(2227, 145, 9, 5, 1, 4, 5),
(2228, 145, 9, 6, 1, 4, 5),
(2229, 145, 9, 7, 1, 5, 5),
(2230, 145, 9, 8, 1, 4, 5),
(2231, 145, 9, 9, 1, 4, 5),
(2232, 145, 9, 10, 1, 5, 5),
(2233, 145, 9, 11, 1, 5, 5),
(2234, 145, 9, 12, 1, 5, 5),
(2235, 145, 9, 13, 1, 5, 5),
(2236, 145, 9, 14, 1, 4, 5),
(2237, 145, 9, 15, 1, 4, 5),
(2238, 146, 1, 1, 1, 5, 5),
(2239, 146, 1, 2, 1, 5, 5),
(2240, 146, 1, 3, 1, 5, 5),
(2241, 146, 1, 4, 1, 5, 5),
(2242, 146, 1, 5, 1, 5, 5),
(2243, 146, 1, 6, 1, 5, 5),
(2244, 146, 1, 7, 1, 5, 5),
(2245, 146, 1, 8, 1, 5, 5),
(2246, 146, 1, 9, 1, 5, 5),
(2247, 146, 1, 10, 1, 5, 5),
(2248, 146, 1, 11, 1, 5, 5),
(2249, 146, 1, 12, 1, 5, 5),
(2250, 146, 1, 13, 1, 5, 5),
(2251, 146, 1, 14, 1, 5, 5),
(2252, 146, 1, 15, 1, 5, 5),
(2253, 147, 3, 1, 1, 4, 5),
(2254, 147, 3, 2, 1, 5, 5),
(2255, 147, 3, 3, 1, 5, 5),
(2256, 147, 3, 4, 1, 5, 5),
(2257, 147, 3, 5, 1, 5, 5),
(2258, 147, 3, 6, 1, 5, 5),
(2259, 147, 3, 7, 1, 4, 5),
(2260, 147, 3, 8, 1, 4, 5),
(2261, 147, 3, 9, 1, 5, 5),
(2262, 147, 3, 10, 1, 5, 5),
(2263, 147, 3, 11, 1, 5, 5),
(2264, 147, 3, 12, 1, 5, 5),
(2265, 147, 3, 13, 1, 5, 5),
(2266, 147, 3, 14, 1, 5, 5),
(2267, 147, 3, 15, 1, 5, 5),
(2268, 148, 3, 1, 1, 4, 5),
(2269, 148, 3, 2, 1, 4, 5),
(2270, 148, 3, 3, 1, 5, 5),
(2271, 148, 3, 4, 1, 4, 5),
(2272, 148, 3, 5, 1, 4, 5),
(2273, 148, 3, 6, 1, 4, 5),
(2274, 148, 3, 7, 1, 5, 5),
(2275, 148, 3, 8, 1, 4, 5),
(2276, 148, 3, 9, 1, 5, 5),
(2277, 148, 3, 10, 1, 5, 5),
(2278, 148, 3, 11, 1, 5, 5),
(2279, 148, 3, 12, 1, 5, 5),
(2280, 148, 3, 13, 1, 5, 5),
(2281, 148, 3, 14, 1, 5, 5),
(2282, 148, 3, 15, 1, 5, 5),
(2283, 149, 3, 1, 1, 4, 5),
(2284, 149, 3, 2, 1, 4, 5),
(2285, 149, 3, 3, 1, 4, 5),
(2286, 149, 3, 4, 1, 2, 5),
(2287, 149, 3, 5, 1, 3, 5),
(2288, 149, 3, 6, 1, 4, 5),
(2289, 149, 3, 7, 1, 4, 5),
(2290, 149, 3, 8, 1, 3, 5),
(2291, 149, 3, 9, 1, 5, 5),
(2292, 149, 3, 10, 1, 5, 5),
(2293, 149, 3, 11, 1, 5, 5),
(2294, 149, 3, 12, 1, 5, 5),
(2295, 149, 3, 13, 1, 5, 5),
(2296, 149, 3, 14, 1, 5, 5),
(2297, 149, 3, 15, 1, 5, 5),
(2298, 150, 3, 1, 1, 5, 5),
(2299, 150, 3, 2, 1, 5, 5),
(2300, 150, 3, 3, 1, 5, 5),
(2301, 150, 3, 4, 1, 5, 5),
(2302, 150, 3, 5, 1, 5, 5),
(2303, 150, 3, 6, 1, 5, 5),
(2304, 150, 3, 7, 1, 5, 5),
(2305, 150, 3, 8, 1, 5, 5),
(2306, 150, 3, 9, 1, 5, 5),
(2307, 150, 3, 10, 1, 5, 5),
(2308, 150, 3, 11, 1, 5, 5),
(2309, 150, 3, 12, 1, 5, 5),
(2310, 150, 3, 13, 1, 5, 5),
(2311, 150, 3, 14, 1, 5, 5),
(2312, 150, 3, 15, 1, 5, 5),
(2313, 151, 3, 1, 1, 5, 5),
(2314, 151, 3, 2, 1, 5, 5),
(2315, 151, 3, 3, 1, 5, 5),
(2316, 151, 3, 4, 1, 5, 5),
(2317, 151, 3, 5, 1, 5, 5),
(2318, 151, 3, 6, 1, 5, 5),
(2319, 151, 3, 7, 1, 5, 5),
(2320, 151, 3, 8, 1, 3, 5),
(2321, 151, 3, 9, 1, 5, 5),
(2322, 151, 3, 10, 1, 4, 5),
(2323, 151, 3, 11, 1, 5, 5),
(2324, 151, 3, 12, 1, 5, 5),
(2325, 151, 3, 13, 1, 5, 5),
(2326, 151, 3, 14, 1, 5, 5),
(2327, 151, 3, 15, 1, 5, 5),
(2328, 152, 4, 1, 1, 5, 5),
(2329, 152, 4, 2, 1, 5, 5),
(2330, 152, 4, 3, 1, 5, 5),
(2331, 152, 4, 4, 1, 5, 5),
(2332, 152, 4, 5, 1, 5, 5),
(2333, 152, 4, 6, 1, 5, 5),
(2334, 152, 4, 7, 1, 5, 5),
(2335, 152, 4, 8, 1, 5, 5),
(2336, 152, 4, 9, 1, 5, 5),
(2337, 152, 4, 10, 1, 5, 5),
(2338, 152, 4, 11, 1, 5, 5),
(2339, 152, 4, 12, 1, 5, 5),
(2340, 152, 4, 13, 1, 5, 5),
(2341, 152, 4, 14, 1, 5, 5),
(2342, 152, 4, 15, 1, 5, 5),
(2343, 153, 4, 1, 1, 5, 5),
(2344, 153, 4, 2, 1, 5, 5),
(2345, 153, 4, 3, 1, 5, 5),
(2346, 153, 4, 4, 1, 5, 5),
(2347, 153, 4, 5, 1, 5, 5),
(2348, 153, 4, 6, 1, 5, 5),
(2349, 153, 4, 7, 1, 5, 5),
(2350, 153, 4, 8, 1, 5, 5),
(2351, 153, 4, 9, 1, 5, 5),
(2352, 153, 4, 10, 1, 5, 5),
(2353, 153, 4, 11, 1, 5, 5),
(2354, 153, 4, 12, 1, 5, 5),
(2355, 153, 4, 13, 1, 5, 5),
(2356, 153, 4, 14, 1, 5, 5),
(2357, 153, 4, 15, 1, 5, 5),
(2358, 154, 4, 1, 1, 5, 5),
(2359, 154, 4, 2, 1, 5, 5),
(2360, 154, 4, 3, 1, 5, 5),
(2361, 154, 4, 4, 1, 5, 5),
(2362, 154, 4, 5, 1, 4, 5),
(2363, 154, 4, 6, 1, 5, 5),
(2364, 154, 4, 7, 1, 3, 5),
(2365, 154, 4, 8, 1, 4, 5),
(2366, 154, 4, 9, 1, 5, 5),
(2367, 154, 4, 10, 1, 5, 5),
(2368, 154, 4, 11, 1, 5, 5),
(2369, 154, 4, 12, 1, 5, 5),
(2370, 154, 4, 13, 1, 4, 5),
(2371, 154, 4, 14, 1, 5, 5),
(2372, 154, 4, 15, 1, 5, 5),
(2373, 155, 3, 1, 1, 5, 5),
(2374, 155, 3, 2, 1, 5, 5),
(2375, 155, 3, 3, 1, 5, 5),
(2376, 155, 3, 4, 1, 5, 5),
(2377, 155, 3, 5, 1, 5, 5),
(2378, 155, 3, 6, 1, 5, 5),
(2379, 155, 3, 7, 1, 5, 5),
(2380, 155, 3, 8, 1, 5, 5),
(2381, 155, 3, 9, 1, 5, 5),
(2382, 155, 3, 10, 1, 5, 5),
(2383, 155, 3, 11, 1, 5, 5),
(2384, 155, 3, 12, 1, 5, 5),
(2385, 155, 3, 13, 1, 5, 5),
(2386, 155, 3, 14, 1, 5, 5),
(2387, 155, 3, 15, 1, 5, 5),
(2388, 156, 3, 1, 1, 5, 5),
(2389, 156, 3, 2, 1, 4, 5),
(2390, 156, 3, 3, 1, 5, 5),
(2391, 156, 3, 4, 1, 3, 5),
(2392, 156, 3, 5, 1, 5, 5),
(2393, 156, 3, 6, 1, 5, 5),
(2394, 156, 3, 7, 1, 5, 5),
(2395, 156, 3, 8, 1, 5, 5),
(2396, 156, 3, 9, 1, 5, 5),
(2397, 156, 3, 10, 1, 5, 5),
(2398, 156, 3, 11, 1, 5, 5),
(2399, 156, 3, 12, 1, 5, 5),
(2400, 156, 3, 13, 1, 5, 5),
(2401, 156, 3, 14, 1, 5, 5),
(2402, 156, 3, 15, 1, 5, 5),
(2403, 157, 3, 1, 1, 4, 4),
(2404, 157, 3, 2, 1, 2, 4),
(2405, 157, 3, 3, 1, 4, 4),
(2406, 157, 3, 4, 1, 4, 4),
(2407, 157, 3, 5, 1, 4, 4),
(2408, 157, 3, 6, 1, 3, 4),
(2409, 157, 3, 7, 1, 4, 3),
(2410, 157, 3, 8, 1, 4, 4),
(2411, 157, 3, 9, 1, 4, 4),
(2412, 157, 3, 10, 1, 4, 4),
(2413, 157, 3, 11, 1, 4, 4),
(2414, 157, 3, 12, 1, 4, 4),
(2415, 157, 3, 13, 1, 3, 4),
(2416, 157, 3, 14, 1, 4, 4),
(2417, 157, 3, 15, 1, 4, 4),
(2418, 158, 4, 1, 1, 5, 5),
(2419, 158, 4, 2, 1, 5, 5),
(2420, 158, 4, 3, 1, 5, 5),
(2421, 158, 4, 4, 1, 5, 5),
(2422, 158, 4, 5, 1, 5, 5),
(2423, 158, 4, 6, 1, 5, 5),
(2424, 158, 4, 7, 1, 5, 5),
(2425, 158, 4, 8, 1, 5, 5),
(2426, 158, 4, 9, 1, 5, 5),
(2427, 158, 4, 10, 1, 5, 5),
(2428, 158, 4, 11, 1, 5, 5),
(2429, 158, 4, 12, 1, 5, 5),
(2430, 158, 4, 13, 1, 5, 5),
(2431, 158, 4, 14, 1, 5, 5),
(2432, 158, 4, 15, 1, 5, 5),
(2433, 159, 4, 1, 1, 5, 5),
(2434, 159, 4, 2, 1, 5, 5),
(2435, 159, 4, 3, 1, 5, 5),
(2436, 159, 4, 4, 1, 5, 5),
(2437, 159, 4, 5, 1, 3, 5),
(2438, 159, 4, 6, 1, 5, 5),
(2439, 159, 4, 7, 1, 5, 5),
(2440, 159, 4, 8, 1, 5, 5),
(2441, 159, 4, 9, 1, 5, 5),
(2442, 159, 4, 10, 1, 5, 5),
(2443, 159, 4, 11, 1, 5, 5),
(2444, 159, 4, 12, 1, 5, 5),
(2445, 159, 4, 13, 1, 3, 5),
(2446, 159, 4, 14, 1, 5, 5),
(2447, 159, 4, 15, 1, 5, 5),
(2448, 160, 7, 1, 1, 4, 5),
(2449, 160, 7, 2, 1, 4, 5),
(2450, 160, 7, 3, 1, 5, 5),
(2451, 160, 7, 4, 1, 5, 5),
(2452, 160, 7, 5, 1, 4, 5),
(2453, 160, 7, 6, 1, 5, 5),
(2454, 160, 7, 7, 1, 5, 5),
(2455, 160, 7, 8, 1, 5, 5),
(2456, 160, 7, 9, 1, 5, 5),
(2457, 160, 7, 10, 1, 5, 5),
(2458, 160, 7, 11, 1, 5, 5),
(2459, 160, 7, 12, 1, 5, 5),
(2460, 160, 7, 13, 1, 5, 5),
(2461, 160, 7, 14, 1, 5, 5),
(2462, 160, 7, 15, 1, 5, 5),
(2463, 161, 7, 1, 1, 5, 5),
(2464, 161, 7, 2, 1, 5, 5),
(2465, 161, 7, 3, 1, 5, 5),
(2466, 161, 7, 4, 1, 5, 5),
(2467, 161, 7, 5, 1, 5, 5),
(2468, 161, 7, 6, 1, 5, 5),
(2469, 161, 7, 7, 1, 5, 5),
(2470, 161, 7, 8, 1, 5, 5),
(2471, 161, 7, 9, 1, 5, 5),
(2472, 161, 7, 10, 1, 5, 5),
(2473, 161, 7, 11, 1, 5, 5),
(2474, 161, 7, 12, 1, 5, 5),
(2475, 161, 7, 13, 1, 5, 5),
(2476, 161, 7, 14, 1, 5, 5),
(2477, 161, 7, 15, 1, 5, 5),
(2478, 162, 8, 1, 1, 5, 5),
(2479, 162, 8, 2, 1, 3, 5),
(2480, 162, 8, 3, 1, 4, 5),
(2481, 162, 8, 4, 1, 3, 5),
(2482, 162, 8, 5, 1, 5, 5),
(2483, 162, 8, 6, 1, 5, 5),
(2484, 162, 8, 7, 1, 5, 5),
(2485, 162, 8, 8, 1, 5, 5),
(2486, 162, 8, 9, 1, 5, 5),
(2487, 162, 8, 10, 1, 5, 5),
(2488, 162, 8, 11, 1, 5, 5),
(2489, 162, 8, 12, 1, 5, 5),
(2490, 162, 8, 13, 1, 5, 5),
(2491, 162, 8, 14, 1, 5, 5),
(2492, 162, 8, 15, 1, 5, 5),
(2493, 163, 8, 1, 1, 5, 5),
(2494, 163, 8, 2, 1, 5, 5),
(2495, 163, 8, 3, 1, 5, 5),
(2496, 163, 8, 4, 1, 5, 5),
(2497, 163, 8, 5, 1, 5, 5),
(2498, 163, 8, 6, 1, 5, 5),
(2499, 163, 8, 7, 1, 4, 5),
(2500, 163, 8, 8, 1, 4, 5),
(2501, 163, 8, 9, 1, 5, 5),
(2502, 163, 8, 10, 1, 5, 5),
(2503, 163, 8, 11, 1, 5, 5),
(2504, 163, 8, 12, 1, 5, 5),
(2505, 163, 8, 13, 1, 5, 5),
(2506, 163, 8, 14, 1, 5, 5),
(2507, 163, 8, 15, 1, 5, 5),
(2508, 164, 8, 1, 1, 5, 5),
(2509, 164, 8, 2, 1, 5, 5),
(2510, 164, 8, 3, 1, 5, 5),
(2511, 164, 8, 4, 1, 3, 5),
(2512, 164, 8, 5, 1, 4, 5),
(2513, 164, 8, 6, 1, 5, 5),
(2514, 164, 8, 7, 1, 4, 5),
(2515, 164, 8, 8, 1, 3, 5),
(2516, 164, 8, 9, 1, 5, 5),
(2517, 164, 8, 10, 1, 5, 5),
(2518, 164, 8, 11, 1, 5, 5),
(2519, 164, 8, 12, 1, 5, 5),
(2520, 164, 8, 13, 1, 5, 5),
(2521, 164, 8, 14, 1, 4, 5),
(2522, 164, 8, 15, 1, 5, 5),
(2523, 165, 8, 1, 1, 4, 5),
(2524, 165, 8, 2, 1, 3, 5),
(2525, 165, 8, 3, 1, 3, 5),
(2526, 165, 8, 4, 1, 4, 5),
(2527, 165, 8, 5, 1, 3, 5),
(2528, 165, 8, 6, 1, 4, 5),
(2529, 165, 8, 7, 1, 3, 5),
(2530, 165, 8, 8, 1, 4, 5),
(2531, 165, 8, 9, 1, 4, 5),
(2532, 165, 8, 10, 1, 5, 5),
(2533, 165, 8, 11, 1, 5, 5),
(2534, 165, 8, 12, 1, 3, 5),
(2535, 165, 8, 13, 1, 4, 5),
(2536, 165, 8, 14, 1, 4, 5),
(2537, 165, 8, 15, 1, 4, 5),
(2538, 166, 7, 1, 1, 4, 5),
(2539, 166, 7, 2, 1, 4, 5),
(2540, 166, 7, 3, 1, 4, 5),
(2541, 166, 7, 4, 1, 5, 5),
(2542, 166, 7, 5, 1, 5, 5),
(2543, 166, 7, 6, 1, 5, 5),
(2544, 166, 7, 7, 1, 5, 5),
(2545, 166, 7, 8, 1, 4, 5),
(2546, 166, 7, 9, 1, 5, 5),
(2547, 166, 7, 10, 1, 5, 5),
(2548, 166, 7, 11, 1, 5, 5),
(2549, 166, 7, 12, 1, 5, 5),
(2550, 166, 7, 13, 1, 4, 5),
(2551, 166, 7, 14, 1, 5, 5),
(2552, 166, 7, 15, 1, 5, 5),
(2553, 167, 6, 1, 1, 5, 5),
(2554, 167, 6, 2, 1, 5, 5),
(2555, 167, 6, 3, 1, 5, 5),
(2556, 167, 6, 4, 1, 5, 5),
(2557, 167, 6, 5, 1, 3, 5),
(2558, 167, 6, 6, 1, 5, 5),
(2559, 167, 6, 7, 1, 5, 5),
(2560, 167, 6, 8, 1, 5, 5),
(2561, 167, 6, 9, 1, 5, 5),
(2562, 167, 6, 10, 1, 5, 5),
(2563, 167, 6, 11, 1, 5, 5),
(2564, 167, 6, 12, 1, 5, 5),
(2565, 167, 6, 13, 1, 5, 5),
(2566, 167, 6, 14, 1, 5, 5),
(2567, 167, 6, 15, 1, 5, 5),
(2568, 174, 9, 1, 1, 5, 5),
(2569, 174, 9, 2, 1, 5, 5),
(2570, 174, 9, 3, 1, 5, 5),
(2571, 174, 9, 4, 1, 3, 5),
(2572, 174, 9, 5, 1, 3, 5),
(2573, 174, 9, 6, 1, 5, 5),
(2574, 174, 9, 7, 1, 5, 5),
(2575, 174, 9, 8, 1, 5, 5),
(2576, 174, 9, 9, 1, 5, 5),
(2577, 174, 9, 10, 1, 5, 5),
(2578, 174, 9, 11, 1, 5, 5),
(2579, 174, 9, 12, 1, 5, 5),
(2580, 174, 9, 13, 1, 5, 5),
(2581, 174, 9, 14, 1, 5, 5),
(2582, 174, 9, 15, 1, 5, 5),
(2583, 173, 9, 1, 1, 5, 5),
(2584, 173, 9, 2, 1, 4, 5),
(2585, 173, 9, 3, 1, 5, 5),
(2586, 173, 9, 4, 1, 4, 5),
(2587, 173, 9, 5, 1, 5, 5),
(2588, 173, 9, 6, 1, 5, 5),
(2589, 173, 9, 7, 1, 5, 5),
(2590, 173, 9, 8, 1, 5, 5),
(2591, 173, 9, 9, 1, 5, 5),
(2592, 173, 9, 10, 1, 5, 5),
(2593, 173, 9, 11, 1, 5, 5),
(2594, 173, 9, 12, 1, 5, 5),
(2595, 173, 9, 13, 1, 5, 5),
(2596, 173, 9, 14, 1, 5, 5),
(2597, 173, 9, 15, 1, 5, 5),
(2598, 172, 9, 1, 1, 5, 5),
(2599, 172, 9, 2, 1, 5, 5),
(2600, 172, 9, 3, 1, 5, 5),
(2601, 172, 9, 4, 1, 5, 5),
(2602, 172, 9, 5, 1, 5, 5),
(2603, 172, 9, 6, 1, 5, 5),
(2604, 172, 9, 7, 1, 5, 5),
(2605, 172, 9, 8, 1, 5, 5),
(2606, 172, 9, 9, 1, 5, 5),
(2607, 172, 9, 10, 1, 5, 5),
(2608, 172, 9, 11, 1, 5, 5),
(2609, 172, 9, 12, 1, 5, 5),
(2610, 172, 9, 13, 1, 5, 5),
(2611, 172, 9, 14, 1, 5, 5),
(2612, 172, 9, 15, 1, 5, 5),
(2613, 171, 9, 1, 1, 5, 5),
(2614, 171, 9, 2, 1, 4, 5),
(2615, 171, 9, 3, 1, 5, 5),
(2616, 171, 9, 4, 1, 2, 5),
(2617, 171, 9, 5, 1, 3, 5),
(2618, 171, 9, 6, 1, 5, 5),
(2619, 171, 9, 7, 1, 5, 5),
(2620, 171, 9, 8, 1, 5, 5),
(2621, 171, 9, 9, 1, 5, 5),
(2622, 171, 9, 10, 1, 5, 5),
(2623, 171, 9, 11, 1, 5, 5),
(2624, 171, 9, 12, 1, 5, 5),
(2625, 171, 9, 13, 1, 5, 5),
(2626, 171, 9, 14, 1, 5, 5),
(2627, 171, 9, 15, 1, 5, 5),
(2628, 170, 9, 1, 1, 5, 5),
(2629, 170, 9, 2, 1, 5, 5),
(2630, 170, 9, 3, 1, 5, 5),
(2631, 170, 9, 4, 1, 5, 5),
(2632, 170, 9, 5, 1, 5, 5),
(2633, 170, 9, 6, 1, 5, 5),
(2634, 170, 9, 7, 1, 5, 5),
(2635, 170, 9, 8, 1, 5, 5),
(2636, 170, 9, 9, 1, 5, 5),
(2637, 170, 9, 10, 1, 5, 5),
(2638, 170, 9, 11, 1, 5, 5),
(2639, 170, 9, 12, 1, 5, 5),
(2640, 170, 9, 13, 1, 5, 5),
(2641, 170, 9, 14, 1, 5, 5),
(2642, 170, 9, 15, 1, 5, 5),
(2643, 169, 9, 1, 1, 4, 5),
(2644, 169, 9, 2, 1, 3, 5),
(2645, 169, 9, 3, 1, 4, 5),
(2646, 169, 9, 4, 1, 2, 5),
(2647, 169, 9, 5, 1, 5, 5),
(2648, 169, 9, 6, 1, 4, 5),
(2649, 169, 9, 7, 1, 5, 5),
(2650, 169, 9, 8, 1, 5, 5),
(2651, 169, 9, 9, 1, 5, 5),
(2652, 169, 9, 10, 1, 5, 5),
(2653, 169, 9, 11, 1, 5, 5),
(2654, 169, 9, 12, 1, 5, 5),
(2655, 169, 9, 13, 1, 5, 5),
(2656, 169, 9, 14, 1, 5, 5),
(2657, 169, 9, 15, 1, 5, 5),
(2658, 168, 9, 1, 1, 5, 5),
(2659, 168, 9, 2, 1, 5, 5),
(2660, 168, 9, 3, 1, 5, 5),
(2661, 168, 9, 4, 1, 5, 5),
(2662, 168, 9, 5, 1, 4, 5),
(2663, 168, 9, 6, 1, 5, 5),
(2664, 168, 9, 7, 1, 5, 5),
(2665, 168, 9, 8, 1, 5, 5),
(2666, 168, 9, 9, 1, 5, 5),
(2667, 168, 9, 10, 1, 5, 5),
(2668, 168, 9, 11, 1, 5, 5),
(2669, 168, 9, 12, 1, 5, 5),
(2670, 168, 9, 13, 1, 5, 5),
(2671, 168, 9, 14, 1, 5, 5),
(2672, 168, 9, 15, 1, 5, 5),
(2673, 181, 3, 1, 1, 4, 5),
(2674, 181, 3, 2, 1, 5, 5),
(2675, 181, 3, 3, 1, 4, 5),
(2676, 181, 3, 4, 1, 5, 5),
(2677, 181, 3, 5, 1, 4, 5),
(2678, 181, 3, 6, 1, 5, 5),
(2679, 181, 3, 7, 1, 5, 5),
(2680, 181, 3, 8, 1, 5, 5),
(2681, 181, 3, 9, 1, 4, 5),
(2682, 181, 3, 10, 1, 3, 5),
(2683, 181, 3, 11, 1, 5, 5),
(2684, 181, 3, 12, 1, 4, 5),
(2685, 181, 3, 13, 1, 5, 5),
(2686, 181, 3, 14, 1, 5, 5),
(2687, 181, 3, 15, 1, 4, 5),
(2688, 180, 2, 1, 1, 4, 5),
(2689, 180, 2, 2, 1, 4, 5),
(2690, 180, 2, 3, 1, 4, 5),
(2691, 180, 2, 4, 1, 5, 5),
(2692, 180, 2, 5, 1, 3, 5),
(2693, 180, 2, 6, 1, 5, 5),
(2694, 180, 2, 7, 1, 5, 5),
(2695, 180, 2, 8, 1, 4, 5),
(2696, 180, 2, 9, 1, 5, 5),
(2697, 180, 2, 10, 1, 4, 5),
(2698, 180, 2, 11, 1, 5, 5),
(2699, 180, 2, 12, 1, 5, 5),
(2700, 180, 2, 13, 1, 5, 5),
(2701, 180, 2, 14, 1, 5, 5),
(2702, 180, 2, 15, 1, 5, 5),
(2703, 179, 2, 1, 1, 5, 5),
(2704, 179, 2, 2, 1, 4, 5),
(2705, 179, 2, 3, 1, 5, 5),
(2706, 179, 2, 4, 1, 4, 5),
(2707, 179, 2, 5, 1, 5, 5),
(2708, 179, 2, 6, 1, 5, 5),
(2709, 179, 2, 7, 1, 5, 5),
(2710, 179, 2, 8, 1, 5, 5),
(2711, 179, 2, 9, 1, 5, 5),
(2712, 179, 2, 10, 1, 5, 5),
(2713, 179, 2, 11, 1, 5, 5),
(2714, 179, 2, 12, 1, 5, 5),
(2715, 179, 2, 13, 1, 5, 5),
(2716, 179, 2, 14, 1, 5, 5),
(2717, 179, 2, 15, 1, 5, 5),
(2718, 178, 2, 1, 1, 5, 5),
(2719, 178, 2, 2, 1, 5, 5),
(2720, 178, 2, 3, 1, 5, 5),
(2721, 178, 2, 4, 1, 5, 5),
(2722, 178, 2, 5, 1, 3, 5),
(2723, 178, 2, 6, 1, 5, 5),
(2724, 178, 2, 7, 1, 5, 5),
(2725, 178, 2, 8, 1, 5, 5),
(2726, 178, 2, 9, 1, 5, 5),
(2727, 178, 2, 10, 1, 5, 5),
(2728, 178, 2, 11, 1, 5, 5),
(2729, 178, 2, 12, 1, 5, 5),
(2730, 178, 2, 13, 1, 5, 5),
(2731, 178, 2, 14, 1, 5, 5),
(2732, 178, 2, 15, 1, 5, 5),
(2733, 177, 1, 1, 1, 3, 5),
(2734, 177, 1, 2, 1, 5, 5),
(2735, 177, 1, 3, 1, 5, 5),
(2736, 177, 1, 4, 1, 5, 5),
(2737, 177, 1, 5, 1, 4, 5),
(2738, 177, 1, 6, 1, 5, 5),
(2739, 177, 1, 7, 1, 5, 5),
(2740, 177, 1, 8, 1, 3, 5),
(2741, 177, 1, 9, 1, 5, 5),
(2742, 177, 1, 10, 1, 5, 5),
(2743, 177, 1, 11, 1, 5, 5),
(2744, 177, 1, 12, 1, 5, 5),
(2745, 177, 1, 13, 1, 5, 5),
(2746, 177, 1, 14, 1, 5, 5),
(2747, 177, 1, 15, 1, 5, 5),
(2748, 176, 1, 1, 1, 5, 5),
(2749, 176, 1, 2, 1, 5, 5),
(2750, 176, 1, 3, 1, 5, 5),
(2751, 176, 1, 4, 1, 5, 5),
(2752, 176, 1, 5, 1, 5, 5),
(2753, 176, 1, 6, 1, 5, 5),
(2754, 176, 1, 7, 1, 5, 5),
(2755, 176, 1, 8, 1, 2, 5),
(2756, 176, 1, 9, 1, 5, 5),
(2757, 176, 1, 10, 1, 5, 5),
(2758, 176, 1, 11, 1, 5, 5),
(2759, 176, 1, 12, 1, 5, 5),
(2760, 176, 1, 13, 1, 5, 5),
(2761, 176, 1, 14, 1, 5, 5),
(2762, 176, 1, 15, 1, 5, 5),
(2763, 175, 1, 1, 1, 3, 5),
(2764, 175, 1, 2, 1, 4, 5),
(2765, 175, 1, 3, 1, 5, 5),
(2766, 175, 1, 4, 1, 4, 5),
(2767, 175, 1, 5, 1, 3, 5),
(2768, 175, 1, 6, 1, 5, 5),
(2769, 175, 1, 7, 1, 5, 5),
(2770, 175, 1, 8, 1, 2, 5),
(2771, 175, 1, 9, 1, 5, 5),
(2772, 175, 1, 10, 1, 5, 5),
(2773, 175, 1, 11, 1, 5, 5),
(2774, 175, 1, 12, 1, 5, 5),
(2775, 175, 1, 13, 1, 5, 5),
(2776, 175, 1, 14, 1, 5, 5),
(2777, 175, 1, 15, 1, 5, 5),
(2778, 182, 2, 1, 1, 5, 5),
(2779, 182, 2, 2, 1, 5, 5),
(2780, 182, 2, 3, 1, 5, 5),
(2781, 182, 2, 4, 1, 5, 5),
(2782, 182, 2, 5, 1, 5, 5),
(2783, 182, 2, 6, 1, 5, 5),
(2784, 182, 2, 7, 1, 5, 5),
(2785, 182, 2, 8, 1, 4, 5),
(2786, 182, 2, 9, 1, 5, 5),
(2787, 182, 2, 10, 1, 4, 5),
(2788, 182, 2, 11, 1, 5, 5),
(2789, 182, 2, 12, 1, 5, 5),
(2790, 182, 2, 13, 1, 4, 5),
(2791, 182, 2, 14, 1, 5, 5),
(2792, 182, 2, 15, 1, 5, 5),
(2793, 183, 3, 1, 1, 5, 5),
(2794, 183, 3, 2, 1, 5, 5),
(2795, 183, 3, 3, 1, 5, 5),
(2796, 183, 3, 4, 1, 3, 5),
(2797, 183, 3, 5, 1, 5, 5),
(2798, 183, 3, 6, 1, 5, 5),
(2799, 183, 3, 7, 1, 5, 5),
(2800, 183, 3, 8, 1, 5, 5),
(2801, 183, 3, 9, 1, 5, 5),
(2802, 183, 3, 10, 1, 5, 5),
(2803, 183, 3, 11, 1, 5, 5),
(2804, 183, 3, 12, 1, 5, 5),
(2805, 183, 3, 13, 1, 5, 5),
(2806, 183, 3, 14, 1, 5, 5),
(2807, 183, 3, 15, 1, 5, 5),
(2808, 184, 3, 1, 1, 5, 5),
(2809, 184, 3, 2, 1, 5, 5),
(2810, 184, 3, 3, 1, 5, 5),
(2811, 184, 3, 4, 1, 5, 5),
(2812, 184, 3, 5, 1, 5, 5),
(2813, 184, 3, 6, 1, 5, 5),
(2814, 184, 3, 7, 1, 5, 5),
(2815, 184, 3, 8, 1, 5, 5),
(2816, 184, 3, 9, 1, 5, 5),
(2817, 184, 3, 10, 1, 5, 5),
(2818, 184, 3, 11, 1, 5, 5),
(2819, 184, 3, 12, 1, 5, 5),
(2820, 184, 3, 13, 1, 5, 5),
(2821, 184, 3, 14, 1, 5, 5),
(2822, 184, 3, 15, 1, 5, 5),
(2823, 185, 4, 1, 1, 5, 5),
(2824, 185, 4, 2, 1, 5, 5),
(2825, 185, 4, 3, 1, 5, 5),
(2826, 185, 4, 4, 1, 5, 5),
(2827, 185, 4, 5, 1, 4, 5),
(2828, 185, 4, 6, 1, 5, 5),
(2829, 185, 4, 7, 1, 5, 5),
(2830, 185, 4, 8, 1, 5, 5),
(2831, 185, 4, 9, 1, 5, 5),
(2832, 185, 4, 10, 1, 5, 5),
(2833, 185, 4, 11, 1, 5, 5),
(2834, 185, 4, 12, 1, 4, 5),
(2835, 185, 4, 13, 1, 5, 5),
(2836, 185, 4, 14, 1, 5, 5),
(2837, 185, 4, 15, 1, 5, 5),
(2838, 186, 4, 1, 1, 5, 5),
(2839, 186, 4, 2, 1, 5, 5),
(2840, 186, 4, 3, 1, 5, 5),
(2841, 186, 4, 4, 1, 5, 5),
(2842, 186, 4, 5, 1, 5, 5),
(2843, 186, 4, 6, 1, 5, 5),
(2844, 186, 4, 7, 1, 5, 5),
(2845, 186, 4, 8, 1, 5, 5),
(2846, 186, 4, 9, 1, 5, 5),
(2847, 186, 4, 10, 1, 5, 5),
(2848, 186, 4, 11, 1, 5, 5),
(2849, 186, 4, 12, 1, 5, 5),
(2850, 186, 4, 13, 1, 5, 5),
(2851, 186, 4, 14, 1, 5, 5),
(2852, 186, 4, 15, 1, 5, 5),
(2853, 187, 8, 1, 1, 5, 5),
(2854, 187, 8, 2, 1, 5, 5),
(2855, 187, 8, 3, 1, 5, 5),
(2856, 187, 8, 4, 1, 5, 5),
(2857, 187, 8, 5, 1, 3, 5),
(2858, 187, 8, 6, 1, 5, 5),
(2859, 187, 8, 7, 1, 4, 5),
(2860, 187, 8, 8, 1, 3, 5),
(2861, 187, 8, 9, 1, 4, 5),
(2862, 187, 8, 10, 1, 5, 5),
(2863, 187, 8, 11, 1, 4, 5),
(2864, 187, 8, 12, 1, 5, 5),
(2865, 187, 8, 13, 1, 5, 5),
(2866, 187, 8, 14, 1, 4, 5),
(2867, 187, 8, 15, 1, 3, 5),
(2868, 188, 7, 1, 1, 4, 5),
(2869, 188, 7, 2, 1, 4, 5),
(2870, 188, 7, 3, 1, 4, 5),
(2871, 188, 7, 4, 1, 3, 5),
(2872, 188, 7, 5, 1, 4, 5),
(2873, 188, 7, 6, 1, 4, 5),
(2874, 188, 7, 7, 1, 3, 5),
(2875, 188, 7, 8, 1, 4, 5),
(2876, 188, 7, 9, 1, 3, 5),
(2877, 188, 7, 10, 1, 5, 5),
(2878, 188, 7, 11, 1, 4, 4),
(2879, 188, 7, 12, 1, 4, 5),
(2880, 188, 7, 13, 1, 3, 5),
(2881, 188, 7, 14, 1, 5, 5),
(2882, 188, 7, 15, 1, 3, 5),
(2883, 189, 8, 1, 1, 5, 5),
(2884, 189, 8, 2, 1, 5, 5),
(2885, 189, 8, 3, 1, 5, 5),
(2886, 189, 8, 4, 1, 5, 5),
(2887, 189, 8, 5, 1, 5, 5),
(2888, 189, 8, 6, 1, 5, 5),
(2889, 189, 8, 7, 1, 5, 5),
(2890, 189, 8, 8, 1, 4, 5),
(2891, 189, 8, 9, 1, 5, 5),
(2892, 189, 8, 10, 1, 5, 5),
(2893, 189, 8, 11, 1, 5, 5),
(2894, 189, 8, 12, 1, 5, 5),
(2895, 189, 8, 13, 1, 5, 5),
(2896, 189, 8, 14, 1, 5, 5),
(2897, 189, 8, 15, 1, 5, 5),
(2898, 190, 6, 1, 1, 5, 5),
(2899, 190, 6, 2, 1, 5, 5),
(2900, 190, 6, 3, 1, 5, 5),
(2901, 190, 6, 4, 1, 5, 5),
(2902, 190, 6, 5, 1, 4, 5),
(2903, 190, 6, 6, 1, 5, 5),
(2904, 190, 6, 7, 1, 5, 5),
(2905, 190, 6, 8, 1, 4, 5),
(2906, 190, 6, 9, 1, 3, 5),
(2907, 190, 6, 10, 1, 5, 5),
(2908, 190, 6, 11, 1, 5, 5),
(2909, 190, 6, 12, 1, 4, 5),
(2910, 190, 6, 13, 1, 4, 5),
(2911, 190, 6, 14, 1, 5, 5),
(2912, 190, 6, 15, 1, 4, 5),
(2913, 191, 7, 1, 1, 4, 5),
(2914, 191, 7, 2, 1, 3, 5),
(2915, 191, 7, 3, 1, 4, 5),
(2916, 191, 7, 4, 1, 4, 5),
(2917, 191, 7, 5, 1, 5, 5),
(2918, 191, 7, 6, 1, 4, 5),
(2919, 191, 7, 7, 1, 5, 5),
(2920, 191, 7, 8, 1, 4, 5),
(2921, 191, 7, 9, 1, 5, 5),
(2922, 191, 7, 10, 1, 4, 5),
(2923, 191, 7, 11, 1, 5, 5),
(2924, 191, 7, 12, 1, 4, 5),
(2925, 191, 7, 13, 1, 4, 5),
(2926, 191, 7, 14, 1, 4, 5),
(2927, 191, 7, 15, 1, 5, 5),
(2928, 192, 7, 1, 1, 4, 5),
(2929, 192, 7, 2, 1, 4, 5),
(2930, 192, 7, 3, 1, 4, 5),
(2931, 192, 7, 4, 1, 4, 5),
(2932, 192, 7, 5, 1, 4, 5),
(2933, 192, 7, 6, 1, 5, 5),
(2934, 192, 7, 7, 1, 5, 5),
(2935, 192, 7, 8, 1, 5, 5),
(2936, 192, 7, 9, 1, 4, 5),
(2937, 192, 7, 10, 1, 4, 5),
(2938, 192, 7, 11, 1, 5, 5),
(2939, 192, 7, 12, 1, 5, 5),
(2940, 192, 7, 13, 1, 5, 5),
(2941, 192, 7, 14, 1, 4, 5),
(2942, 192, 7, 15, 1, 5, 5),
(2943, 193, 1, 1, 1, 5, 5),
(2944, 193, 1, 2, 1, 3, 5),
(2945, 193, 1, 3, 1, 4, 5),
(2946, 193, 1, 4, 1, 3, 5),
(2947, 193, 1, 5, 1, 4, 5),
(2948, 193, 1, 6, 1, 3, 5),
(2949, 193, 1, 7, 1, 4, 5),
(2950, 193, 1, 8, 1, 2, 5),
(2951, 193, 1, 9, 1, 3, 5),
(2952, 193, 1, 10, 1, 4, 5),
(2953, 193, 1, 11, 1, 5, 5),
(2954, 193, 1, 12, 1, 5, 5),
(2955, 193, 1, 13, 1, 5, 5),
(2956, 193, 1, 14, 1, 4, 5),
(2957, 193, 1, 15, 1, 5, 5),
(2958, 194, 1, 1, 1, 5, 5),
(2959, 194, 1, 2, 1, 4, 5),
(2960, 194, 1, 3, 1, 5, 5),
(2961, 194, 1, 4, 1, 5, 5),
(2962, 194, 1, 5, 1, 5, 5),
(2963, 194, 1, 6, 1, 3, 5),
(2964, 194, 1, 7, 1, 5, 5),
(2965, 194, 1, 8, 1, 3, 5),
(2966, 194, 1, 9, 1, 5, 5),
(2967, 194, 1, 10, 1, 5, 5),
(2968, 194, 1, 11, 1, 3, 5),
(2969, 194, 1, 12, 1, 5, 5),
(2970, 194, 1, 13, 1, 3, 5),
(2971, 194, 1, 14, 1, 5, 5),
(2972, 194, 1, 15, 1, 3, 5),
(2973, 195, 2, 1, 1, 5, 5),
(2974, 195, 2, 2, 1, 5, 5),
(2975, 195, 2, 3, 1, 5, 5),
(2976, 195, 2, 4, 1, 4, 5),
(2977, 195, 2, 5, 1, 4, 5),
(2978, 195, 2, 6, 1, 5, 5),
(2979, 195, 2, 7, 1, 4, 5),
(2980, 195, 2, 8, 1, 4, 5),
(2981, 195, 2, 9, 1, 5, 5),
(2982, 195, 2, 10, 1, 5, 5),
(2983, 195, 2, 11, 1, 5, 5),
(2984, 195, 2, 12, 1, 5, 5),
(2985, 195, 2, 13, 1, 5, 5),
(2986, 195, 2, 14, 1, 5, 5),
(2987, 195, 2, 15, 1, 5, 5),
(2988, 196, 2, 1, 1, 5, 5),
(2989, 196, 2, 2, 1, 4, 5),
(2990, 196, 2, 3, 1, 5, 5),
(2991, 196, 2, 4, 1, 5, 5),
(2992, 196, 2, 5, 1, 4, 5),
(2993, 196, 2, 6, 1, 5, 5),
(2994, 196, 2, 7, 1, 4, 5),
(2995, 196, 2, 8, 1, 5, 5),
(2996, 196, 2, 9, 1, 3, 5),
(2997, 196, 2, 10, 1, 5, 5),
(2998, 196, 2, 11, 1, 5, 5),
(2999, 196, 2, 12, 1, 5, 5),
(3000, 196, 2, 13, 1, 5, 5),
(3001, 196, 2, 14, 1, 5, 5),
(3002, 196, 2, 15, 1, 5, 5),
(3003, 197, 3, 1, 1, 5, 5),
(3004, 197, 3, 2, 1, 5, 5),
(3005, 197, 3, 3, 1, 5, 5),
(3006, 197, 3, 4, 1, 4, 5),
(3007, 197, 3, 5, 1, 2, 5),
(3008, 197, 3, 6, 1, 3, 5),
(3009, 197, 3, 7, 1, 3, 5),
(3010, 197, 3, 8, 1, 4, 5),
(3011, 197, 3, 9, 1, 5, 5),
(3012, 197, 3, 10, 1, 5, 5),
(3013, 197, 3, 11, 1, 5, 5),
(3014, 197, 3, 12, 1, 5, 5),
(3015, 197, 3, 13, 1, 4, 5),
(3016, 197, 3, 14, 1, 5, 5),
(3017, 197, 3, 15, 1, 5, 5),
(3018, 198, 3, 1, 1, 5, 5),
(3019, 198, 3, 2, 1, 4, 5),
(3020, 198, 3, 3, 1, 5, 5),
(3021, 198, 3, 4, 1, 3, 5),
(3022, 198, 3, 5, 1, 3, 5),
(3023, 198, 3, 6, 1, 5, 5),
(3024, 198, 3, 7, 1, 5, 5),
(3025, 198, 3, 8, 1, 4, 5),
(3026, 198, 3, 9, 1, 5, 5),
(3027, 198, 3, 10, 1, 3, 5),
(3028, 198, 3, 11, 1, 5, 5),
(3029, 198, 3, 12, 1, 5, 5),
(3030, 198, 3, 13, 1, 5, 5),
(3031, 198, 3, 14, 1, 5, 5),
(3032, 198, 3, 15, 1, 5, 5),
(3033, 199, 3, 1, 1, 4, 5),
(3034, 199, 3, 2, 1, 3, 5),
(3035, 199, 3, 3, 1, 5, 5),
(3036, 199, 3, 4, 1, 3, 5),
(3037, 199, 3, 5, 1, 4, 5),
(3038, 199, 3, 6, 1, 5, 5),
(3039, 199, 3, 7, 1, 5, 5),
(3040, 199, 3, 8, 1, 5, 5),
(3041, 199, 3, 9, 1, 5, 5),
(3042, 199, 3, 10, 1, 3, 5),
(3043, 199, 3, 11, 1, 5, 5),
(3044, 199, 3, 12, 1, 4, 5),
(3045, 199, 3, 13, 1, 4, 5),
(3046, 199, 3, 14, 1, 4, 5),
(3047, 199, 3, 15, 1, 4, 5),
(3048, 200, 3, 1, 1, 4, 5),
(3049, 200, 3, 2, 1, 3, 5),
(3050, 200, 3, 3, 1, 4, 5),
(3051, 200, 3, 4, 1, 4, 5),
(3052, 200, 3, 5, 1, 5, 5),
(3053, 200, 3, 6, 1, 4, 5),
(3054, 200, 3, 7, 1, 4, 5),
(3055, 200, 3, 8, 1, 4, 5),
(3056, 200, 3, 9, 1, 5, 5),
(3057, 200, 3, 10, 1, 5, 5),
(3058, 200, 3, 11, 1, 5, 5),
(3059, 200, 3, 12, 1, 4, 5),
(3060, 200, 3, 13, 1, 5, 5),
(3061, 200, 3, 14, 1, 4, 5),
(3062, 200, 3, 15, 1, 5, 5),
(3063, 201, 4, 1, 1, 4, 5),
(3064, 201, 4, 2, 1, 5, 5),
(3065, 201, 4, 3, 1, 4, 5),
(3066, 201, 4, 4, 1, 4, 5),
(3067, 201, 4, 5, 1, 5, 5),
(3068, 201, 4, 6, 1, 4, 5),
(3069, 201, 4, 7, 1, 5, 5),
(3070, 201, 4, 8, 1, 5, 5),
(3071, 201, 4, 9, 1, 5, 5),
(3072, 201, 4, 10, 1, 5, 5),
(3073, 201, 4, 11, 1, 4, 5),
(3074, 201, 4, 12, 1, 5, 5),
(3075, 201, 4, 13, 1, 4, 5),
(3076, 201, 4, 14, 1, 5, 5),
(3077, 201, 4, 15, 1, 5, 5),
(3078, 202, 4, 1, 1, 5, 5),
(3079, 202, 4, 2, 1, 5, 5),
(3080, 202, 4, 3, 1, 5, 5),
(3081, 202, 4, 4, 1, 4, 5),
(3082, 202, 4, 5, 1, 4, 5),
(3083, 202, 4, 6, 1, 3, 5),
(3084, 202, 4, 7, 1, 4, 5),
(3085, 202, 4, 8, 1, 5, 5),
(3086, 202, 4, 9, 1, 4, 5),
(3087, 202, 4, 10, 1, 3, 5),
(3088, 202, 4, 11, 1, 5, 5),
(3089, 202, 4, 12, 1, 4, 5),
(3090, 202, 4, 13, 1, 5, 5),
(3091, 202, 4, 14, 1, 4, 5),
(3092, 202, 4, 15, 1, 4, 5),
(3093, 204, 9, 1, 1, 4, 5),
(3094, 204, 9, 2, 1, 4, 5),
(3095, 204, 9, 3, 1, 4, 5),
(3096, 204, 9, 4, 1, 4, 5),
(3097, 204, 9, 5, 1, 3, 5),
(3098, 204, 9, 6, 1, 5, 5),
(3099, 204, 9, 7, 1, 5, 5),
(3100, 204, 9, 8, 1, 5, 5),
(3101, 204, 9, 9, 1, 5, 5),
(3102, 204, 9, 10, 1, 5, 5),
(3103, 204, 9, 11, 1, 5, 5),
(3104, 204, 9, 12, 1, 5, 5),
(3105, 204, 9, 13, 1, 5, 5),
(3106, 204, 9, 14, 1, 5, 5),
(3107, 204, 9, 15, 1, 5, 5),
(3108, 205, 9, 1, 1, 5, 5),
(3109, 205, 9, 2, 1, 4, 5),
(3110, 205, 9, 3, 1, 5, 5),
(3111, 205, 9, 4, 1, 4, 5),
(3112, 205, 9, 5, 1, 4, 5),
(3113, 205, 9, 6, 1, 5, 5),
(3114, 205, 9, 7, 1, 5, 5),
(3115, 205, 9, 8, 1, 5, 5),
(3116, 205, 9, 9, 1, 5, 5),
(3117, 205, 9, 10, 1, 4, 5),
(3118, 205, 9, 11, 1, 5, 5),
(3119, 205, 9, 12, 1, 5, 5),
(3120, 205, 9, 13, 1, 5, 5),
(3121, 205, 9, 14, 1, 5, 5),
(3122, 205, 9, 15, 1, 5, 5),
(3123, 206, 9, 1, 1, 4, 5),
(3124, 206, 9, 2, 1, 3, 5),
(3125, 206, 9, 3, 1, 5, 5),
(3126, 206, 9, 4, 1, 5, 5),
(3127, 206, 9, 5, 1, 5, 5),
(3128, 206, 9, 6, 1, 5, 5),
(3129, 206, 9, 7, 1, 5, 5),
(3130, 206, 9, 8, 1, 5, 5),
(3131, 206, 9, 9, 1, 5, 5),
(3132, 206, 9, 10, 1, 5, 5),
(3133, 206, 9, 11, 1, 4, 5),
(3134, 206, 9, 12, 1, 5, 5),
(3135, 206, 9, 13, 1, 4, 5),
(3136, 206, 9, 14, 1, 5, 5),
(3137, 206, 9, 15, 1, 5, 5),
(3138, 207, 9, 1, 1, 4, 4),
(3139, 207, 9, 2, 1, 3, 4),
(3140, 207, 9, 3, 1, 4, 4),
(3141, 207, 9, 4, 1, 3, 4),
(3142, 207, 9, 5, 1, 4, 4),
(3143, 207, 9, 6, 1, 3, 4),
(3144, 207, 9, 7, 1, 4, 4),
(3145, 207, 9, 8, 1, 3, 4),
(3146, 207, 9, 9, 1, 4, 4),
(3147, 207, 9, 10, 1, 3, 4),
(3148, 207, 9, 11, 1, 3, 4),
(3149, 207, 9, 12, 1, 4, 4),
(3150, 207, 9, 13, 1, 3, 4),
(3151, 207, 9, 14, 1, 4, 4),
(3152, 207, 9, 15, 1, 3, 4),
(3153, 208, 9, 1, 1, 4, 5),
(3154, 208, 9, 2, 1, 3, 5),
(3155, 208, 9, 3, 1, 4, 5),
(3156, 208, 9, 4, 1, 3, 5),
(3157, 208, 9, 5, 1, 3, 5),
(3158, 208, 9, 6, 1, 4, 5),
(3159, 208, 9, 7, 1, 5, 5),
(3160, 208, 9, 8, 1, 5, 5),
(3161, 208, 9, 9, 1, 5, 5),
(3162, 208, 9, 10, 1, 5, 5),
(3163, 208, 9, 11, 1, 5, 5),
(3164, 208, 9, 12, 1, 5, 5),
(3165, 208, 9, 13, 1, 5, 5),
(3166, 208, 9, 14, 1, 5, 5),
(3167, 208, 9, 15, 1, 5, 5),
(3168, 209, 9, 1, 1, 4, 5),
(3169, 209, 9, 2, 1, 4, 5),
(3170, 209, 9, 3, 1, 4, 5),
(3171, 209, 9, 4, 1, 4, 5),
(3172, 209, 9, 5, 1, 4, 5),
(3173, 209, 9, 6, 1, 3, 5),
(3174, 209, 9, 7, 1, 5, 5),
(3175, 209, 9, 8, 1, 5, 5),
(3176, 209, 9, 9, 1, 4, 5),
(3177, 209, 9, 10, 1, 4, 5),
(3178, 209, 9, 11, 1, 5, 5),
(3179, 209, 9, 12, 1, 4, 5),
(3180, 209, 9, 13, 1, 5, 5),
(3181, 209, 9, 14, 1, 5, 5),
(3182, 209, 9, 15, 1, 5, 5),
(3183, 210, 9, 1, 1, 5, 5),
(3184, 210, 9, 2, 1, 4, 5),
(3185, 210, 9, 3, 1, 3, 5),
(3186, 210, 9, 4, 1, 5, 5),
(3187, 210, 9, 5, 1, 4, 5),
(3188, 210, 9, 6, 1, 4, 5),
(3189, 210, 9, 7, 1, 4, 5),
(3190, 210, 9, 8, 1, 5, 5),
(3191, 210, 9, 9, 1, 5, 5),
(3192, 210, 9, 10, 1, 5, 5),
(3193, 210, 9, 11, 1, 5, 5),
(3194, 210, 9, 12, 1, 5, 5),
(3195, 210, 9, 13, 1, 5, 5),
(3196, 210, 9, 14, 1, 5, 5),
(3197, 210, 9, 15, 1, 5, 5),
(3198, 211, 9, 1, 1, 4, 5),
(3199, 211, 9, 2, 1, 4, 5),
(3200, 211, 9, 3, 1, 5, 5),
(3201, 211, 9, 4, 1, 3, 5),
(3202, 211, 9, 5, 1, 5, 5),
(3203, 211, 9, 6, 1, 5, 5),
(3204, 211, 9, 7, 1, 4, 5),
(3205, 211, 9, 8, 1, 4, 5),
(3206, 211, 9, 9, 1, 4, 5),
(3207, 211, 9, 10, 1, 4, 5),
(3208, 211, 9, 11, 1, 5, 5),
(3209, 211, 9, 12, 1, 4, 5),
(3210, 211, 9, 13, 1, 5, 5),
(3211, 211, 9, 14, 1, 5, 5),
(3212, 211, 9, 15, 1, 5, 5),
(3213, 212, 1, 1, 1, 5, 5),
(3214, 212, 1, 2, 1, 5, 5),
(3215, 212, 1, 3, 1, 5, 5),
(3216, 212, 1, 4, 1, 5, 5),
(3217, 212, 1, 5, 1, 5, 5),
(3218, 212, 1, 6, 1, 5, 5),
(3219, 212, 1, 7, 1, 5, 5),
(3220, 212, 1, 8, 1, 2, 5),
(3221, 212, 1, 9, 1, 5, 5),
(3222, 212, 1, 10, 1, 5, 5),
(3223, 212, 1, 11, 1, 5, 5),
(3224, 212, 1, 12, 1, 5, 5),
(3225, 212, 1, 13, 1, 5, 5),
(3226, 212, 1, 14, 1, 5, 5),
(3227, 212, 1, 15, 1, 5, 5),
(3228, 213, 1, 1, 1, 5, 5),
(3229, 213, 1, 2, 1, 4, 5),
(3230, 213, 1, 3, 1, 5, 5),
(3231, 213, 1, 4, 1, 4, 5),
(3232, 213, 1, 5, 1, 3, 5),
(3233, 213, 1, 6, 1, 5, 5),
(3234, 213, 1, 7, 1, 5, 5),
(3235, 213, 1, 8, 1, 3, 5),
(3236, 213, 1, 9, 1, 5, 5),
(3237, 213, 1, 10, 1, 5, 5),
(3238, 213, 1, 11, 1, 5, 5),
(3239, 213, 1, 12, 1, 5, 5),
(3240, 213, 1, 13, 1, 5, 5),
(3241, 213, 1, 14, 1, 5, 5),
(3242, 213, 1, 15, 1, 5, 5),
(3243, 214, 4, 1, 1, 5, 5),
(3244, 214, 4, 2, 1, 4, 5),
(3245, 214, 4, 3, 1, 5, 5),
(3246, 214, 4, 4, 1, 5, 5),
(3247, 214, 4, 5, 1, 5, 5),
(3248, 214, 4, 6, 1, 5, 5),
(3249, 214, 4, 7, 1, 5, 5),
(3250, 214, 4, 8, 1, 5, 5),
(3251, 214, 4, 9, 1, 5, 5),
(3252, 214, 4, 10, 1, 5, 5),
(3253, 214, 4, 11, 1, 5, 5),
(3254, 214, 4, 12, 1, 5, 5),
(3255, 214, 4, 13, 1, 5, 5),
(3256, 214, 4, 14, 1, 5, 5),
(3257, 214, 4, 15, 1, 5, 5),
(3258, 215, 4, 1, 1, 3, 5),
(3259, 215, 4, 2, 1, 4, 5),
(3260, 215, 4, 3, 1, 5, 5),
(3261, 215, 4, 4, 1, 4, 5),
(3262, 215, 4, 5, 1, 3, 5),
(3263, 215, 4, 6, 1, 5, 5),
(3264, 215, 4, 7, 1, 4, 5),
(3265, 215, 4, 8, 1, 4, 5),
(3266, 215, 4, 9, 1, 5, 5),
(3267, 215, 4, 10, 1, 4, 5),
(3268, 215, 4, 11, 1, 5, 5),
(3269, 215, 4, 12, 1, 5, 5),
(3270, 215, 4, 13, 1, 5, 5),
(3271, 215, 4, 14, 1, 3, 5),
(3272, 215, 4, 15, 1, 5, 5),
(3273, 216, 4, 1, 1, 5, 5),
(3274, 216, 4, 2, 1, 4, 5),
(3275, 216, 4, 3, 1, 5, 5),
(3276, 216, 4, 4, 1, 4, 5),
(3277, 216, 4, 5, 1, 3, 5),
(3278, 216, 4, 6, 1, 5, 5),
(3279, 216, 4, 7, 1, 5, 5),
(3280, 216, 4, 8, 1, 5, 5),
(3281, 216, 4, 9, 1, 5, 5),
(3282, 216, 4, 10, 1, 5, 5),
(3283, 216, 4, 11, 1, 4, 5),
(3284, 216, 4, 12, 1, 5, 5),
(3285, 216, 4, 13, 1, 4, 5),
(3286, 216, 4, 14, 1, 5, 5),
(3287, 216, 4, 15, 1, 4, 5),
(3288, 217, 8, 1, 1, 5, 5),
(3289, 217, 8, 2, 1, 5, 5),
(3290, 217, 8, 3, 1, 5, 5),
(3291, 217, 8, 4, 1, 5, 5),
(3292, 217, 8, 5, 1, 5, 5),
(3293, 217, 8, 6, 1, 5, 5),
(3294, 217, 8, 7, 1, 5, 5),
(3295, 217, 8, 8, 1, 5, 5),
(3296, 217, 8, 9, 1, 5, 5),
(3297, 217, 8, 10, 1, 5, 5),
(3298, 217, 8, 11, 1, 5, 5),
(3299, 217, 8, 12, 1, 5, 5),
(3300, 217, 8, 13, 1, 5, 5),
(3301, 217, 8, 14, 1, 5, 5),
(3302, 217, 8, 15, 1, 5, 5),
(3303, 218, 4, 1, 1, 5, 5),
(3304, 218, 4, 2, 1, 4, 5),
(3305, 218, 4, 3, 1, 5, 5),
(3306, 218, 4, 4, 1, 3, 5),
(3307, 218, 4, 5, 1, 3, 5),
(3308, 218, 4, 6, 1, 5, 5),
(3309, 218, 4, 7, 1, 4, 5),
(3310, 218, 4, 8, 1, 5, 5),
(3311, 218, 4, 9, 1, 4, 5),
(3312, 218, 4, 10, 1, 4, 5),
(3313, 218, 4, 11, 1, 5, 5),
(3314, 218, 4, 12, 1, 5, 5),
(3315, 218, 4, 13, 1, 5, 5),
(3316, 218, 4, 14, 1, 4, 5),
(3317, 218, 4, 15, 1, 5, 5),
(3318, 219, 7, 1, 1, 5, 5),
(3319, 219, 7, 2, 1, 5, 5),
(3320, 219, 7, 3, 1, 5, 5),
(3321, 219, 7, 4, 1, 5, 5),
(3322, 219, 7, 5, 1, 5, 5),
(3323, 219, 7, 6, 1, 5, 5),
(3324, 219, 7, 7, 1, 3, 5),
(3325, 219, 7, 8, 1, 5, 5),
(3326, 219, 7, 9, 1, 5, 5),
(3327, 219, 7, 10, 1, 4, 5),
(3328, 219, 7, 11, 1, 5, 5),
(3329, 219, 7, 12, 1, 5, 5),
(3330, 219, 7, 13, 1, 4, 5),
(3331, 219, 7, 14, 1, 4, 5),
(3332, 219, 7, 15, 1, 5, 5),
(3333, 220, 7, 1, 1, 4, 5),
(3334, 220, 7, 2, 1, 5, 5),
(3335, 220, 7, 3, 1, 5, 5),
(3336, 220, 7, 4, 1, 4, 5),
(3337, 220, 7, 5, 1, 5, 5),
(3338, 220, 7, 6, 1, 5, 5),
(3339, 220, 7, 7, 1, 4, 5),
(3340, 220, 7, 8, 1, 4, 5),
(3341, 220, 7, 9, 1, 4, 5),
(3342, 220, 7, 10, 1, 4, 5),
(3343, 220, 7, 11, 1, 5, 5),
(3344, 220, 7, 12, 1, 5, 5),
(3345, 220, 7, 13, 1, 5, 5),
(3346, 220, 7, 14, 1, 4, 5),
(3347, 220, 7, 15, 1, 5, 5),
(3348, 221, 7, 1, 1, 5, 5),
(3349, 221, 7, 2, 1, 4, 5),
(3350, 221, 7, 3, 1, 5, 5),
(3351, 221, 7, 4, 1, 4, 5),
(3352, 221, 7, 5, 1, 4, 5),
(3353, 221, 7, 6, 1, 5, 5),
(3354, 221, 7, 7, 1, 2, 5),
(3355, 221, 7, 8, 1, 5, 5),
(3356, 221, 7, 9, 1, 4, 5),
(3357, 221, 7, 10, 1, 5, 5),
(3358, 221, 7, 11, 1, 5, 5),
(3359, 221, 7, 12, 1, 5, 5),
(3360, 221, 7, 13, 1, 5, 5),
(3361, 221, 7, 14, 1, 5, 5),
(3362, 221, 7, 15, 1, 5, 5),
(3363, 222, 7, 1, 1, 5, 5),
(3364, 222, 7, 2, 1, 4, 5),
(3365, 222, 7, 3, 1, 5, 5),
(3366, 222, 7, 4, 1, 4, 5),
(3367, 222, 7, 5, 1, 3, 5),
(3368, 222, 7, 6, 1, 5, 5),
(3369, 222, 7, 7, 1, 3, 5),
(3370, 222, 7, 8, 1, 5, 5),
(3371, 222, 7, 9, 1, 5, 5),
(3372, 222, 7, 10, 1, 5, 5),
(3373, 222, 7, 11, 1, 5, 5),
(3374, 222, 7, 12, 1, 5, 5),
(3375, 222, 7, 13, 1, 5, 5),
(3376, 222, 7, 14, 1, 4, 5),
(3377, 222, 7, 15, 1, 4, 5),
(3378, 223, 8, 1, 1, 5, 5),
(3379, 223, 8, 2, 1, 5, 5),
(3380, 223, 8, 3, 1, 5, 5),
(3381, 223, 8, 4, 1, 3, 5),
(3382, 223, 8, 5, 1, 4, 5),
(3383, 223, 8, 6, 1, 5, 5),
(3384, 223, 8, 7, 1, 5, 5),
(3385, 223, 8, 8, 1, 5, 5),
(3386, 223, 8, 9, 1, 5, 5),
(3387, 223, 8, 10, 1, 5, 5),
(3388, 223, 8, 11, 1, 5, 5),
(3389, 223, 8, 12, 1, 5, 5),
(3390, 223, 8, 13, 1, 4, 5),
(3391, 223, 8, 14, 1, 4, 5),
(3392, 223, 8, 15, 1, 4, 5),
(3393, 224, 8, 1, 1, 4, 5),
(3394, 224, 8, 2, 1, 5, 5),
(3395, 224, 8, 3, 1, 4, 5),
(3396, 224, 8, 4, 1, 5, 5),
(3397, 224, 8, 5, 1, 5, 5),
(3398, 224, 8, 6, 1, 5, 5),
(3399, 224, 8, 7, 1, 4, 5),
(3400, 224, 8, 8, 1, 5, 5),
(3401, 224, 8, 9, 1, 5, 5),
(3402, 224, 8, 10, 1, 4, 5),
(3403, 224, 8, 11, 1, 5, 5),
(3404, 224, 8, 12, 1, 5, 5),
(3405, 224, 8, 13, 1, 5, 5),
(3406, 224, 8, 14, 1, 4, 5),
(3407, 224, 8, 15, 1, 4, 5),
(3408, 225, 8, 1, 1, 4, 5),
(3409, 225, 8, 2, 1, 5, 5),
(3410, 225, 8, 3, 1, 5, 5),
(3411, 225, 8, 4, 1, 4, 5),
(3412, 225, 8, 5, 1, 4, 5),
(3413, 225, 8, 6, 1, 5, 5),
(3414, 225, 8, 7, 1, 5, 5),
(3415, 225, 8, 8, 1, 5, 5),
(3416, 225, 8, 9, 1, 5, 5),
(3417, 225, 8, 10, 1, 5, 5),
(3418, 225, 8, 11, 1, 5, 5),
(3419, 225, 8, 12, 1, 5, 5),
(3420, 225, 8, 13, 1, 4, 5),
(3421, 225, 8, 14, 1, 5, 5),
(3422, 225, 8, 15, 1, 5, 5),
(3423, 226, 8, 1, 1, 5, 5),
(3424, 226, 8, 2, 1, 5, 5),
(3425, 226, 8, 3, 1, 5, 5),
(3426, 226, 8, 4, 1, 3, 5),
(3427, 226, 8, 5, 1, 3, 5),
(3428, 226, 8, 6, 1, 5, 5),
(3429, 226, 8, 7, 1, 2, 5),
(3430, 226, 8, 8, 1, 5, 5),
(3431, 226, 8, 9, 1, 4, 5),
(3432, 226, 8, 10, 1, 5, 5),
(3433, 226, 8, 11, 1, 5, 5),
(3434, 226, 8, 12, 1, 5, 5),
(3435, 226, 8, 13, 1, 4, 5),
(3436, 226, 8, 14, 1, 4, 5),
(3437, 226, 8, 15, 1, 4, 5),
(3438, 227, 6, 1, 1, 4, 5),
(3439, 227, 6, 2, 1, 4, 5),
(3440, 227, 6, 3, 1, 3, 5),
(3441, 227, 6, 4, 1, 3, 5),
(3442, 227, 6, 5, 1, 4, 5),
(3443, 227, 6, 6, 1, 3, 5),
(3444, 227, 6, 7, 1, 4, 5),
(3445, 227, 6, 8, 1, 2, 5),
(3446, 227, 6, 9, 1, 4, 5),
(3447, 227, 6, 10, 1, 4, 5),
(3448, 227, 6, 11, 1, 3, 5),
(3449, 227, 6, 12, 1, 3, 5),
(3450, 227, 6, 13, 1, 5, 5),
(3451, 227, 6, 14, 1, 3, 5),
(3452, 227, 6, 15, 1, 4, 5),
(3453, 228, 6, 1, 1, 5, 5),
(3454, 228, 6, 2, 1, 5, 5),
(3455, 228, 6, 3, 1, 5, 5),
(3456, 228, 6, 4, 1, 5, 5),
(3457, 228, 6, 5, 1, 3, 5),
(3458, 228, 6, 6, 1, 5, 5),
(3459, 228, 6, 7, 1, 4, 5),
(3460, 228, 6, 8, 1, 5, 5),
(3461, 228, 6, 9, 1, 4, 4),
(3462, 228, 6, 10, 1, 4, 5),
(3463, 228, 6, 11, 1, 5, 5),
(3464, 228, 6, 12, 1, 5, 5),
(3465, 228, 6, 13, 1, 4, 5),
(3466, 228, 6, 14, 1, 4, 5),
(3467, 228, 6, 15, 1, 5, 5),
(3468, 229, 6, 1, 1, 4, 5),
(3469, 229, 6, 2, 1, 5, 5),
(3470, 229, 6, 3, 1, 3, 5),
(3471, 229, 6, 4, 1, 5, 5),
(3472, 229, 6, 5, 1, 4, 5),
(3473, 229, 6, 6, 1, 4, 5),
(3474, 229, 6, 7, 1, 4, 5),
(3475, 229, 6, 8, 1, 3, 5),
(3476, 229, 6, 9, 1, 5, 5),
(3477, 229, 6, 10, 1, 5, 5),
(3478, 229, 6, 11, 1, 5, 5),
(3479, 229, 6, 12, 1, 4, 5),
(3480, 229, 6, 13, 1, 4, 5),
(3481, 229, 6, 14, 1, 4, 5),
(3482, 229, 6, 15, 1, 5, 5),
(3483, 230, 6, 1, 1, 5, 5),
(3484, 230, 6, 2, 1, 4, 5),
(3485, 230, 6, 3, 1, 5, 5),
(3486, 230, 6, 4, 1, 4, 5),
(3487, 230, 6, 5, 1, 4, 5),
(3488, 230, 6, 6, 1, 4, 5),
(3489, 230, 6, 7, 1, 4, 5),
(3490, 230, 6, 8, 1, 3, 5),
(3491, 230, 6, 9, 1, 5, 5),
(3492, 230, 6, 10, 1, 5, 5),
(3493, 230, 6, 11, 1, 5, 5),
(3494, 230, 6, 12, 1, 5, 5),
(3495, 230, 6, 13, 1, 4, 5),
(3496, 230, 6, 14, 1, 5, 5),
(3497, 230, 6, 15, 1, 5, 5),
(3498, 231, 6, 1, 1, 5, 5),
(3499, 231, 6, 2, 1, 3, 5),
(3500, 231, 6, 3, 1, 5, 5),
(3501, 231, 6, 4, 1, 5, 5),
(3502, 231, 6, 5, 1, 3, 5),
(3503, 231, 6, 6, 1, 4, 5),
(3504, 231, 6, 7, 1, 4, 5),
(3505, 231, 6, 8, 1, 2, 5),
(3506, 231, 6, 9, 1, 5, 5),
(3507, 231, 6, 10, 1, 5, 5),
(3508, 231, 6, 11, 1, 4, 5),
(3509, 231, 6, 12, 1, 5, 5),
(3510, 231, 6, 13, 1, 5, 5),
(3511, 231, 6, 14, 1, 4, 5),
(3512, 231, 6, 15, 1, 4, 5),
(3513, 232, 6, 1, 1, 4, 5),
(3514, 232, 6, 2, 1, 4, 5),
(3515, 232, 6, 3, 1, 5, 5),
(3516, 232, 6, 4, 1, 4, 5),
(3517, 232, 6, 5, 1, 4, 5),
(3518, 232, 6, 6, 1, 5, 5),
(3519, 232, 6, 7, 1, 3, 5),
(3520, 232, 6, 8, 1, 4, 5),
(3521, 232, 6, 9, 1, 5, 5),
(3522, 232, 6, 10, 1, 3, 5),
(3523, 232, 6, 11, 1, 4, 5),
(3524, 232, 6, 12, 1, 5, 5),
(3525, 232, 6, 13, 1, 3, 5),
(3526, 232, 6, 14, 1, 4, 5),
(3527, 232, 6, 15, 1, 4, 5),
(3528, 233, 6, 1, 1, 5, 5),
(3529, 233, 6, 2, 1, 5, 5),
(3530, 233, 6, 3, 1, 5, 5),
(3531, 233, 6, 4, 1, 5, 5),
(3532, 233, 6, 5, 1, 4, 5),
(3533, 233, 6, 6, 1, 5, 5),
(3534, 233, 6, 7, 1, 3, 5),
(3535, 233, 6, 8, 1, 2, 5),
(3536, 233, 6, 9, 1, 5, 5),
(3537, 233, 6, 10, 1, 5, 5),
(3538, 233, 6, 11, 1, 4, 5),
(3539, 233, 6, 12, 1, 4, 5),
(3540, 233, 6, 13, 1, 3, 5),
(3541, 233, 6, 14, 1, 4, 5),
(3542, 233, 6, 15, 1, 4, 5),
(3558, 235, 2, 1, 1, 5, 5),
(3559, 235, 2, 2, 1, 3, 5),
(3560, 235, 2, 3, 1, 5, 5),
(3561, 235, 2, 4, 1, 3, 5),
(3562, 235, 2, 5, 1, 3, 5),
(3563, 235, 2, 6, 1, 3, 5),
(3564, 235, 2, 7, 1, 4, 5),
(3565, 235, 2, 8, 1, 4, 5),
(3566, 235, 2, 9, 1, 5, 5),
(3567, 235, 2, 10, 1, 4, 5),
(3568, 235, 2, 11, 1, 5, 5),
(3569, 235, 2, 12, 1, 5, 5),
(3570, 235, 2, 13, 1, 5, 5),
(3571, 235, 2, 14, 1, 5, 5),
(3572, 235, 2, 15, 1, 5, 5),
(3573, 236, 2, 1, 1, 5, 5),
(3574, 236, 2, 2, 1, 5, 5),
(3575, 236, 2, 3, 1, 4, 5),
(3576, 236, 2, 4, 1, 4, 5),
(3577, 236, 2, 5, 1, 4, 5),
(3578, 236, 2, 6, 1, 5, 5),
(3579, 236, 2, 7, 1, 4, 5),
(3580, 236, 2, 8, 1, 4, 5),
(3581, 236, 2, 9, 1, 5, 5),
(3582, 236, 2, 10, 1, 5, 5),
(3583, 236, 2, 11, 1, 5, 5),
(3584, 236, 2, 12, 1, 5, 5),
(3585, 236, 2, 13, 1, 4, 5),
(3586, 236, 2, 14, 1, 5, 5),
(3587, 236, 2, 15, 1, 5, 5),
(3588, 237, 3, 1, 1, 5, 5),
(3589, 237, 3, 2, 1, 4, 5),
(3590, 237, 3, 3, 1, 5, 5),
(3591, 237, 3, 4, 1, 4, 5),
(3592, 237, 3, 5, 1, 3, 5),
(3593, 237, 3, 6, 1, 4, 5),
(3594, 237, 3, 7, 1, 4, 5),
(3595, 237, 3, 8, 1, 3, 5),
(3596, 237, 3, 9, 1, 5, 5),
(3597, 237, 3, 10, 1, 4, 5),
(3598, 237, 3, 11, 1, 5, 5),
(3599, 237, 3, 12, 1, 5, 5),
(3600, 237, 3, 13, 1, 5, 5),
(3601, 237, 3, 14, 1, 5, 5),
(3602, 237, 3, 15, 1, 5, 5),
(3603, 238, 9, 1, 1, 5, 5),
(3604, 238, 9, 2, 1, 5, 5),
(3605, 238, 9, 3, 1, 5, 5),
(3606, 238, 9, 4, 1, 5, 5),
(3607, 238, 9, 5, 1, 3, 5),
(3608, 238, 9, 6, 1, 5, 5),
(3609, 238, 9, 7, 1, 5, 5),
(3610, 238, 9, 8, 1, 5, 5),
(3611, 238, 9, 9, 1, 5, 5),
(3612, 238, 9, 10, 1, 5, 5),
(3613, 238, 9, 11, 1, 5, 5),
(3614, 238, 9, 12, 1, 5, 5),
(3615, 238, 9, 13, 1, 5, 5),
(3616, 238, 9, 14, 1, 5, 5),
(3617, 238, 9, 15, 1, 5, 5),
(3618, 239, 9, 1, 1, 5, 5),
(3619, 239, 9, 2, 1, 4, 5),
(3620, 239, 9, 3, 1, 5, 5),
(3621, 239, 9, 4, 1, 3, 5),
(3622, 239, 9, 5, 1, 2, 5),
(3623, 239, 9, 6, 1, 5, 5),
(3624, 239, 9, 7, 1, 5, 5),
(3625, 239, 9, 8, 1, 5, 5),
(3626, 239, 9, 9, 1, 5, 5),
(3627, 239, 9, 10, 1, 4, 5),
(3628, 239, 9, 11, 1, 5, 5),
(3629, 239, 9, 12, 1, 5, 5),
(3630, 239, 9, 13, 1, 5, 5),
(3631, 239, 9, 14, 1, 5, 5),
(3632, 239, 9, 15, 1, 5, 5),
(3633, 240, 9, 1, 1, 5, 5),
(3634, 240, 9, 2, 1, 5, 5),
(3635, 240, 9, 3, 1, 5, 5),
(3636, 240, 9, 4, 1, 4, 5),
(3637, 240, 9, 5, 1, 3, 5),
(3638, 240, 9, 6, 1, 5, 5),
(3639, 240, 9, 7, 1, 5, 5),
(3640, 240, 9, 8, 1, 5, 5),
(3641, 240, 9, 9, 1, 5, 5),
(3642, 240, 9, 10, 1, 5, 5),
(3643, 240, 9, 11, 1, 5, 5),
(3644, 240, 9, 12, 1, 5, 5),
(3645, 240, 9, 13, 1, 5, 5),
(3646, 240, 9, 14, 1, 5, 5),
(3647, 240, 9, 15, 1, 5, 5),
(3648, 241, 9, 1, 1, 5, 5),
(3649, 241, 9, 2, 1, 5, 5),
(3650, 241, 9, 3, 1, 5, 5),
(3651, 241, 9, 4, 1, 3, 5),
(3652, 241, 9, 5, 1, 3, 5),
(3653, 241, 9, 6, 1, 5, 5),
(3654, 241, 9, 7, 1, 4, 5),
(3655, 241, 9, 8, 1, 5, 5),
(3656, 241, 9, 9, 1, 5, 5),
(3657, 241, 9, 10, 1, 5, 5),
(3658, 241, 9, 11, 1, 5, 5),
(3659, 241, 9, 12, 1, 5, 5),
(3660, 241, 9, 13, 1, 5, 5),
(3661, 241, 9, 14, 1, 5, 5),
(3662, 241, 9, 15, 1, 5, 5),
(3663, 242, 9, 1, 1, 5, 5),
(3664, 242, 9, 2, 1, 4, 5),
(3665, 242, 9, 3, 1, 4, 5),
(3666, 242, 9, 4, 1, 3, 5),
(3667, 242, 9, 5, 1, 2, 5),
(3668, 242, 9, 6, 1, 5, 5),
(3669, 242, 9, 7, 1, 5, 5),
(3670, 242, 9, 8, 1, 5, 5),
(3671, 242, 9, 9, 1, 4, 4),
(3672, 242, 9, 10, 1, 5, 5),
(3673, 242, 9, 11, 1, 5, 5),
(3674, 242, 9, 12, 1, 5, 5),
(3675, 242, 9, 13, 1, 5, 5),
(3676, 242, 9, 14, 1, 5, 5),
(3677, 242, 9, 15, 1, 5, 5),
(3708, 245, 7, 1, 1, 4, 5),
(3709, 245, 7, 2, 1, 2, 5),
(3710, 245, 7, 3, 1, 4, 5),
(3711, 245, 7, 4, 1, 3, 5),
(3712, 245, 7, 5, 1, 5, 5),
(3713, 245, 7, 6, 1, 4, 5),
(3714, 245, 7, 7, 1, 4, 5),
(3715, 245, 7, 8, 1, 2, 5),
(3717, 245, 7, 9, 1, 2, 5),
(3719, 245, 7, 10, 1, 4, 5),
(3721, 245, 7, 11, 1, 3, 5),
(3723, 245, 7, 12, 1, 4, 5),
(3725, 245, 7, 13, 1, 5, 5),
(3727, 245, 7, 14, 1, 4, 5),
(3728, 245, 7, 15, 1, 3, 5),
(3798, 250, 1, 1, 1, 4, 5),
(3799, 250, 1, 2, 1, 3, 5),
(3800, 250, 1, 3, 1, 5, 5),
(3801, 250, 1, 4, 1, 4, 5),
(3802, 250, 1, 5, 1, 5, 5),
(3803, 250, 1, 6, 1, 5, 5),
(3804, 250, 1, 7, 1, 4, 4),
(3805, 250, 1, 8, 1, 2, 5),
(3806, 250, 1, 9, 1, 4, 5),
(3807, 250, 1, 10, 1, 5, 5),
(3808, 250, 1, 11, 1, 4, 5),
(3809, 250, 1, 12, 1, 4, 5),
(3810, 250, 1, 13, 1, 5, 5),
(3811, 250, 1, 14, 1, 5, 5),
(3812, 250, 1, 15, 1, 4, 5),
(3813, 251, 2, 1, 1, 3, 4),
(3814, 251, 2, 2, 1, 4, 4),
(3815, 251, 2, 3, 1, 3, 4),
(3816, 251, 2, 4, 1, 3, 4),
(3817, 251, 2, 5, 1, 4, 4),
(3818, 251, 2, 6, 1, 3, 4),
(3819, 251, 2, 7, 1, 4, 4),
(3820, 251, 2, 8, 1, 3, 4),
(3821, 251, 2, 9, 1, 3, 4),
(3822, 251, 2, 10, 1, 4, 4),
(3823, 251, 2, 11, 1, 4, 4),
(3824, 251, 2, 12, 1, 4, 4),
(3825, 251, 2, 13, 1, 3, 4),
(3826, 251, 2, 14, 1, 4, 4),
(3827, 251, 2, 15, 1, 4, 4),
(3828, 252, 3, 1, 1, 5, 5),
(3829, 252, 3, 2, 1, 4, 5),
(3830, 252, 3, 3, 1, 5, 5),
(3831, 252, 3, 4, 1, 5, 5),
(3832, 252, 3, 5, 1, 3, 5),
(3833, 252, 3, 6, 1, 4, 5),
(3834, 252, 3, 7, 1, 4, 5),
(3835, 252, 3, 8, 1, 4, 5),
(3836, 252, 3, 9, 1, 5, 5),
(3837, 252, 3, 10, 1, 4, 5),
(3838, 252, 3, 11, 1, 5, 5),
(3839, 252, 3, 12, 1, 4, 5),
(3840, 252, 3, 13, 1, 5, 5),
(3841, 252, 3, 14, 1, 4, 5),
(3842, 252, 3, 15, 1, 5, 5),
(3843, 253, 4, 1, 1, 3, 5),
(3844, 253, 4, 2, 1, 3, 5),
(3845, 253, 4, 3, 1, 4, 5),
(3846, 253, 4, 4, 1, 3, 5),
(3847, 253, 4, 5, 1, 4, 5),
(3848, 253, 4, 6, 1, 2, 5),
(3849, 253, 4, 7, 1, 3, 5),
(3850, 253, 4, 8, 1, 4, 5),
(3851, 253, 4, 9, 1, 4, 5),
(3852, 253, 4, 10, 1, 3, 5),
(3853, 253, 4, 11, 1, 4, 5),
(3854, 253, 4, 12, 1, 3, 5),
(3855, 253, 4, 13, 1, 2, 5),
(3856, 253, 4, 14, 1, 4, 5),
(3857, 253, 4, 15, 1, 5, 5),
(3858, 254, 6, 1, 1, 5, 5),
(3859, 254, 6, 2, 1, 5, 5),
(3860, 254, 6, 3, 1, 5, 5),
(3861, 254, 6, 4, 1, 5, 5),
(3862, 254, 6, 5, 1, 5, 5),
(3863, 254, 6, 6, 1, 5, 5),
(3864, 254, 6, 7, 1, 4, 5),
(3865, 254, 6, 8, 1, 4, 5),
(3866, 254, 6, 9, 1, 5, 5),
(3867, 254, 6, 10, 1, 5, 5),
(3868, 254, 6, 11, 1, 5, 5),
(3869, 254, 6, 12, 1, 5, 5),
(3870, 254, 6, 13, 1, 4, 5),
(3871, 254, 6, 14, 1, 4, 5),
(3872, 254, 6, 15, 1, 5, 5),
(3888, 256, 8, 1, 1, 4, 5),
(3889, 256, 8, 2, 1, 5, 5),
(3890, 256, 8, 3, 1, 3, 5),
(3891, 256, 8, 4, 1, 4, 5),
(3892, 256, 8, 5, 1, 3, 5),
(3893, 256, 8, 6, 1, 4, 5),
(3894, 256, 8, 7, 1, 3, 5),
(3895, 256, 8, 8, 1, 4, 5),
(3896, 256, 8, 9, 1, 4, 5),
(3897, 256, 8, 10, 1, 5, 5),
(3898, 256, 8, 11, 1, 5, 5),
(3899, 256, 8, 12, 1, 4, 5),
(3900, 256, 8, 13, 1, 4, 5),
(3901, 256, 8, 14, 1, 4, 5),
(3902, 256, 8, 15, 1, 4, 5),
(3903, 257, 9, 1, 1, 5, 5),
(3904, 257, 9, 2, 1, 5, 5),
(3905, 257, 9, 3, 1, 4, 5),
(3906, 257, 9, 4, 1, 4, 5),
(3907, 257, 9, 5, 1, 4, 5),
(3908, 257, 9, 6, 1, 4, 5),
(3909, 257, 9, 7, 1, 4, 5),
(3910, 257, 9, 8, 1, 3, 5),
(3911, 257, 9, 9, 1, 4, 4),
(3912, 257, 9, 10, 1, 4, 5),
(3913, 257, 9, 11, 1, 5, 5),
(3914, 257, 9, 12, 1, 5, 5),
(3915, 257, 9, 13, 1, 5, 5),
(3916, 257, 9, 14, 1, 5, 5),
(3917, 257, 9, 15, 1, 5, 5),
(3918, 258, 7, 1, 1, 5, 5),
(3919, 258, 7, 2, 1, 5, 5),
(3920, 258, 7, 3, 1, 5, 5),
(3921, 258, 7, 4, 1, 5, 5),
(3922, 258, 7, 5, 1, 3, 5),
(3923, 258, 7, 6, 1, 5, 5),
(3924, 258, 7, 7, 1, 3, 5),
(3925, 258, 7, 8, 1, 4, 5),
(3926, 258, 7, 9, 1, 5, 5),
(3927, 258, 7, 10, 1, 5, 5),
(3928, 258, 7, 11, 1, 5, 5),
(3929, 258, 7, 12, 1, 5, 5),
(3930, 258, 7, 13, 1, 5, 5),
(3931, 258, 7, 14, 1, 4, 5),
(3932, 258, 7, 15, 1, 5, 5);

-- --------------------------------------------------------

--
-- Table structure for table `periode`
--

CREATE TABLE IF NOT EXISTS `periode` (
`ID_PERIODE` int(11) NOT NULL,
  `BULAN` varchar(100) NOT NULL,
  `TAHUN` varchar(100) NOT NULL
) ENGINE=InnoDB  DEFAULT CHARSET=latin1 AUTO_INCREMENT=2 ;

--
-- Dumping data for table `periode`
--

INSERT INTO `periode` (`ID_PERIODE`, `BULAN`, `TAHUN`) VALUES
(1, 'April', '2017');

-- --------------------------------------------------------

--
-- Table structure for table `poli`
--

CREATE TABLE IF NOT EXISTS `poli` (
`ID_POLI` int(11) NOT NULL,
  `NAMA_POLI` varchar(100) NOT NULL,
  `PENANGGUNG_JAWAB` varchar(200) NOT NULL
) ENGINE=InnoDB  DEFAULT CHARSET=latin1 AUTO_INCREMENT=10 ;

--
-- Dumping data for table `poli`
--

INSERT INTO `poli` (`ID_POLI`, `NAMA_POLI`, `PENANGGUNG_JAWAB`) VALUES
(1, 'Poli Gigi', 'drg. Yusuf Nurhadi, Sp.Ort'),
(2, 'Poli Mata', 'dr. Heri Subandrio'),
(3, 'Poli THT', 'dr. Ima Wiryani, Sp.THT'),
(4, 'Poli Kandungan', 'dr. Mulyadi Amanullah, Sp.OG'),
(6, 'Poli Paru', 'dr. Sofyan Hasan, Sp.P'),
(7, 'Poli Kulit & Kelamin', 'dr. Farhat Surya Ningrat, Sp.KK'),
(8, 'Poli Anak', 'dr. H. Surata, Sp. A'),
(9, 'Poli Urologi', 'dr. Anugrah, Sp.BU');

-- --------------------------------------------------------

--
-- Table structure for table `responden`
--

CREATE TABLE IF NOT EXISTS `responden` (
`ID_RESPONDEN` int(11) NOT NULL,
  `NAMA` varchar(100) DEFAULT NULL,
  `UMUR` varchar(3) NOT NULL,
  `WAKTU_INPUT` datetime NOT NULL,
  `JENIS_KELAMIN` varchar(100) NOT NULL,
  `ID_PENDIDIKAN` int(11) NOT NULL,
  `ID_PEKERJAAN` int(11) NOT NULL,
  `ID_TANGGUNGAN_BIAYA` int(11) NOT NULL
) ENGINE=InnoDB  DEFAULT CHARSET=latin1 AUTO_INCREMENT=260 ;

--
-- Dumping data for table `responden`
--

INSERT INTO `responden` (`ID_RESPONDEN`, `NAMA`, `UMUR`, `WAKTU_INPUT`, `JENIS_KELAMIN`, `ID_PENDIDIKAN`, `ID_PEKERJAAN`, `ID_TANGGUNGAN_BIAYA`) VALUES
(2, 'Fatimahwati', '57', '2017-04-12 08:42:52', 'Perempuan', 3, 5, 2),
(3, 'ARISANTI DIANA FIRDA', '23', '2017-04-12 09:40:20', 'Perempuan', 4, 5, 2),
(5, 'junainatul hasanah', '23', '2017-04-13 08:21:18', 'Perempuan', 5, 3, 3),
(6, 'Anni Muammaroh', '24', '2017-04-13 08:28:22', 'Perempuan', 3, 5, 2),
(7, 'Sri Widarti', '63', '2017-04-17 07:59:17', 'Perempuan', 4, 5, 2),
(8, 'Mohammad Romli', '51', '2017-04-17 08:04:54', 'Laki-laki', 5, 1, 2),
(9, 'fauziah', '35', '2017-04-17 08:13:11', 'Perempuan', 2, 5, 3),
(10, 'ita', '25', '2017-04-17 08:18:21', 'Perempuan', 3, 5, 3),
(11, 'mu''ammaroh', '19', '2017-04-17 08:26:01', 'Perempuan', 3, 5, 1),
(12, 'Indah rahayu hidayat', '16', '2017-04-17 08:45:05', 'Perempuan', 3, 3, 3),
(13, 'achmad nur sholeh', '33', '2017-04-17 08:52:48', 'Laki-laki', 3, 4, 2),
(14, 'SITI FADILAH', '30', '2017-04-17 08:58:53', 'Perempuan', 2, 5, 1),
(15, 'nurhayati', '29', '2017-04-17 09:04:43', 'Perempuan', 3, 5, 3),
(16, 'resdina sihombing', '48', '2017-04-17 09:09:15', 'Perempuan', 1, 5, 2),
(17, 'BUDI UTOMO', '45', '2017-04-17 09:17:29', 'Laki-laki', 5, 1, 2),
(18, 'NURJANNAH', '21', '2017-04-17 09:23:12', 'Perempuan', 3, 3, 2),
(19, 'heriyanto', '33', '2017-04-17 09:30:00', 'Laki-laki', 3, 5, 2),
(20, 'Mahfud', '62', '2017-04-17 09:43:12', 'Laki-laki', 5, 5, 3),
(21, 'Darsoyo', '45', '2017-04-17 10:05:25', 'Laki-laki', 5, 1, 2),
(23, 'ummaniyah', '59', '2017-04-17 10:24:07', 'Perempuan', 5, 5, 2),
(24, 'Triana Yulan Dewi', '22', '2017-04-17 10:31:01', 'Perempuan', 5, 5, 2),
(25, 'NUR HASAN', '41', '2017-04-17 10:34:51', 'Laki-laki', 5, 1, 2),
(26, 'RACHMAD ROHMADI', '47', '2017-04-17 10:38:18', 'Laki-laki', 4, 4, 2),
(27, 'SURIASIH', '42', '2017-04-17 10:43:29', 'Perempuan', 5, 5, 2),
(28, 'siti rohaeni', '39', '2017-04-17 10:45:20', 'Perempuan', 5, 1, 2),
(29, 'fitriatun islamiyah', '48', '2017-04-17 10:52:17', 'Perempuan', 5, 5, 3),
(30, 'Indah nur wati', '32', '2017-04-17 10:57:58', 'Perempuan', 3, 5, 3),
(31, 'Moh Firdaus', '35', '2017-04-17 11:01:07', 'Laki-laki', 5, 1, 2),
(32, 'kasiatin', '31', '2017-04-17 11:14:07', 'Perempuan', 4, 1, 2),
(33, 'Sumarni', '48', '2017-04-17 11:17:31', 'Perempuan', 3, 5, 2),
(34, 'Mukarrofah', '39', '2017-04-17 11:21:37', 'Perempuan', 5, 1, 2),
(36, 'Fadillah', '27', '2017-04-25 08:34:25', 'Perempuan', 5, 1, 2),
(37, 'Halimatus Sa''diyah', '29', '2017-04-25 08:39:07', 'Perempuan', 5, 5, 3),
(38, 'ely', '35', '2017-04-25 08:50:37', 'Perempuan', 2, 1, 2),
(39, 'sholehah', '19', '2017-04-25 08:59:16', 'Perempuan', 2, 5, 3),
(40, 'yumna', '65', '2017-04-25 09:06:16', 'Perempuan', 1, 5, 1),
(41, 'sri wahyuni', '42', '2017-04-27 08:22:12', 'Perempuan', 3, 5, 2),
(42, 'khairunnisa', '28', '2017-04-27 08:33:44', 'Perempuan', 4, 1, 2),
(43, 'siti', '54', '2017-04-27 08:40:41', 'Perempuan', 1, 5, 2),
(44, 'nurul', '22', '2017-04-27 08:46:39', 'Perempuan', 2, 5, 3),
(45, 'indah', '37', '2017-04-27 08:54:50', 'Perempuan', 2, 2, 2),
(46, 'Rio Arianto', '22', '2017-04-27 09:03:37', 'Laki-laki', 3, 3, 1),
(48, 'fitriyah', '21', '2017-04-28 08:08:42', 'Perempuan', 3, 3, 2),
(49, 'abdul kahir', '65', '2017-04-28 15:19:50', 'Laki-laki', 3, 5, 3),
(52, 'suadah', '46', '2017-04-29 08:01:44', 'Perempuan', 2, 5, 2),
(53, 'sarinten', '28', '2017-04-29 08:05:01', 'Perempuan', 1, 5, 2),
(54, 'suarsih', '68', '2017-04-29 08:10:44', 'Perempuan', 2, 4, 2),
(55, 'mohammad rosali', '50', '2017-04-29 08:17:32', 'Laki-laki', 5, 1, 2),
(56, 'lilik nur hayati', '42', '2017-04-29 08:24:18', 'Perempuan', 5, 1, 2),
(58, 'robiatul hasanah ', '18', '2017-04-29 08:35:48', 'Perempuan', 3, 3, 3),
(59, 'noverti', '31', '2017-04-29 08:39:37', 'Perempuan', 1, 5, 2),
(60, 'ria', '30', '2017-04-29 08:49:08', 'Perempuan', 5, 1, 2),
(61, 'zakiatul mufida', '31', '2017-04-29 08:57:08', 'Perempuan', 6, 5, 2),
(62, 'endah', '39', '2017-04-29 09:05:51', 'Perempuan', 5, 2, 2),
(63, 'laili', '37', '2017-04-29 09:14:42', 'Perempuan', 2, 5, 3),
(64, 'subaidah', '30', '2017-04-29 09:25:34', 'Perempuan', 3, 5, 2),
(65, 'zuliya', '30', '2017-04-29 09:41:00', 'Perempuan', 5, 2, 2),
(66, 'Moh Santoso', '39', '2017-04-10 08:33:07', 'Laki-laki', 5, 1, 2),
(67, 'Herri', '35', '2017-04-10 09:00:34', 'Laki-laki', 5, 4, 2),
(68, 'Neke', '20', '2017-04-10 09:11:23', 'Perempuan', 3, 3, 1),
(69, 'anissa dwi maharani ', '19', '2017-04-10 10:06:31', 'Perempuan', 3, 3, 2),
(70, 'faizzah', '30', '2017-04-10 10:15:33', 'Perempuan', 3, 5, 3),
(71, 'suharto', '60', '2017-04-10 10:27:50', 'Laki-laki', 5, 1, 2),
(72, 'abhyhaf safha', '22', '2017-04-10 10:24:06', 'Perempuan', 3, 3, 3),
(73, 'aufar septoadi ', '13', '2017-04-10 10:32:58', 'Laki-laki', 2, 3, 2),
(74, 'syarifuddin', '42', '2017-04-10 10:47:41', 'Laki-laki', 4, 2, 3),
(75, 'khusnul amin ', '36', '2017-04-10 10:48:36', 'Laki-laki', 5, 1, 2),
(76, 'ilham mabruri ', '30', '2017-04-10 11:00:08', 'Laki-laki', 3, 1, 3),
(77, 'nabila maharani', '15', '2017-04-10 11:19:18', 'Perempuan', 2, 3, 2),
(78, 'najwa awwalin andriansyah', '10', '2017-04-10 11:21:38', 'Perempuan', 1, 3, 3),
(79, 'afrilianti', '26', '2017-04-11 08:10:34', 'Laki-laki', 5, 2, 3),
(80, 'lailul rohman', '23', '2017-04-11 08:37:51', 'Laki-laki', 3, 3, 2),
(81, 'indah gita ', '13', '2017-04-11 08:58:21', 'Perempuan', 2, 3, 2),
(82, 'bilqis', '20', '2017-04-11 09:09:25', 'Perempuan', 3, 3, 2),
(83, 'tiara wardhani', '9', '2017-04-11 10:55:58', 'Perempuan', 1, 3, 2),
(84, 'ramli', '62', '2017-04-11 11:00:28', 'Laki-laki', 5, 5, 3),
(85, 'radifah', '44', '2017-04-11 11:24:47', 'Perempuan', 5, 1, 2),
(86, 'hanifah', '32', '2017-04-11 11:39:27', 'Perempuan', 4, 1, 2),
(87, 'putri', '28', '2017-04-11 11:59:04', 'Perempuan', 5, 2, 2),
(88, 'siti khalilah ', '48', '2017-04-11 12:42:34', 'Perempuan', 4, 5, 3),
(89, 'noer salam ', '54', '2017-04-12 08:13:23', 'Laki-laki', 5, 1, 2),
(90, 'nur khoifah ', '21', '2017-04-12 08:35:44', 'Perempuan', 3, 3, 3),
(91, 'kevin Angga', '24', '2017-04-12 08:46:59', 'Laki-laki', 5, 5, 2),
(92, 'Agung hendrawan  ', '26', '2017-04-12 09:12:28', 'Laki-laki', 4, 5, 2),
(93, 'ricky', '18', '2017-04-12 09:51:02', 'Laki-laki', 2, 3, 2),
(94, 'robby', '15', '2017-04-12 09:54:16', 'Laki-laki', 2, 3, 3),
(95, 'aufa madani ', '11', '2017-04-12 10:04:55', 'Laki-laki', 1, 3, 2),
(96, 'FARUDDIN', '29', '2017-04-13 08:04:51', 'Laki-laki', 5, 4, 1),
(97, 'DIAN FERANANDA', '22', '2017-04-13 08:17:30', 'Perempuan', 3, 3, 2),
(98, 'ABDUL BARI', '35', '2017-04-13 08:27:29', 'Laki-laki', 4, 2, 2),
(99, 'HARUN', '30', '2017-04-13 08:37:20', 'Laki-laki', 3, 4, 3),
(100, 'ABDUL KADIR', '48', '2017-04-13 08:40:17', 'Laki-laki', 5, 1, 2),
(101, 'Aisyah Nur', '28', '2017-04-13 08:54:23', 'Perempuan', 4, 5, 2),
(102, 'Nova maulidia', '30', '2017-04-13 09:03:35', 'Perempuan', 5, 5, 2),
(103, 'pratiwi yulianti', '24', '2017-04-13 09:14:27', 'Perempuan', 3, 4, 2),
(104, 'Ella Efrida', '35', '2017-04-13 09:25:16', 'Perempuan', 5, 1, 2),
(105, 'Aditya Pratama', '34', '2017-04-13 09:36:54', 'Laki-laki', 4, 1, 2),
(106, 'MUHAMMAD HAFIDZ', '21', '2017-04-13 09:49:41', 'Laki-laki', 3, 3, 2),
(107, 'Khairun Nisak', '19', '2017-04-13 10:06:41', 'Perempuan', 2, 3, 2),
(108, 'Indah sari', '38', '2017-04-15 07:56:41', 'Perempuan', 3, 5, 1),
(109, 'Anni muthmainnah', '23', '2017-04-15 08:07:39', 'Perempuan', 3, 5, 2),
(110, 'Luthfiyah ali', '27', '2017-04-15 08:20:38', 'Perempuan', 4, 5, 2),
(111, 'ahmad zainal', '31', '2017-04-15 08:29:29', 'Laki-laki', 3, 4, 2),
(112, 'Abdur rokib', '19', '2017-04-15 08:36:06', 'Laki-laki', 3, 3, 2),
(113, 'fathur rohman', '40', '2017-04-15 08:45:09', 'Laki-laki', 5, 1, 2),
(114, 'erick cahaya permadi', '20', '2017-04-15 08:45:54', 'Laki-laki', 3, 3, 2),
(115, 'winda berlyana', '21', '2017-04-15 09:06:51', 'Perempuan', 3, 3, 2),
(116, 'Khusnul khotimah', '32', '2017-04-15 09:07:37', 'Perempuan', 3, 5, 2),
(117, 'uswatun hasanah', '30', '2017-04-15 09:16:22', 'Perempuan', 4, 5, 2),
(118, 'Helmi darmawan', '17', '2017-04-15 09:51:30', 'Laki-laki', 2, 3, 2),
(119, 'Malikil maksus', '21', '2017-04-15 10:04:18', 'Laki-laki', 3, 3, 2),
(120, 'eva anindita', '29', '2017-04-15 10:17:11', 'Perempuan', 4, 5, 2),
(121, 'herman hidayat', '34', '2017-04-15 10:30:29', 'Laki-laki', 5, 2, 2),
(122, 'Miskuriyah', '24', '2017-04-15 10:46:41', 'Laki-laki', 2, 4, 3),
(123, 'kusnandi', '46', '2017-04-17 07:54:34', 'Laki-laki', 3, 4, 2),
(124, 'Siti laelatul fajriyah', '37', '2017-04-17 08:05:45', 'Perempuan', 2, 5, 3),
(125, 'yoga arif maulana', '21', '2017-04-17 08:12:23', 'Laki-laki', 3, 3, 2),
(126, 'qurratul ainiyah', '28', '2017-04-17 08:17:15', 'Perempuan', 5, 2, 2),
(127, 'Nur Hidayati', '32', '2017-04-17 08:40:49', 'Perempuan', 3, 5, 3),
(128, 'Seyf elhaq', '33', '2017-04-17 08:56:15', 'Laki-laki', 3, 2, 2),
(129, 'zainullah', '36', '2017-04-17 09:07:57', 'Laki-laki', 4, 2, 2),
(130, 'mariatul qibtiyah', '25', '2017-04-17 09:15:32', 'Perempuan', 3, 5, 2),
(131, 'Ria Afrlianti', '19', '2017-04-17 09:29:11', 'Perempuan', 3, 3, 2),
(132, 'nur kholifah', '29', '2017-04-17 09:42:33', 'Laki-laki', 2, 5, 3),
(133, 'Quratul aini', '37', '2017-04-18 09:30:42', 'Perempuan', 3, 5, 2),
(134, 'Alya', '29', '2017-04-18 09:46:30', 'Perempuan', 4, 2, 2),
(135, 'Anneke putri', '20', '2017-04-18 09:59:13', 'Perempuan', 3, 3, 2),
(136, 'supriadi', '44', '2017-04-18 10:06:40', 'Laki-laki', 5, 1, 2),
(137, 'Nur Fitrianingsih', '35', '2017-04-18 10:13:32', 'Perempuan', 3, 2, 3),
(138, 'udayana putra', '24', '2017-04-18 15:19:19', 'Laki-laki', 5, 5, 2),
(139, 'Anas Tohir', '38', '2017-04-18 15:31:05', 'Laki-laki', 3, 4, 3),
(140, 'Doni satrio', '36', '2017-04-18 15:43:50', 'Laki-laki', 4, 1, 2),
(141, 'Lutfianto wibowo', '33', '2017-04-18 15:54:24', 'Laki-laki', 4, 2, 2),
(142, 'nurul qamatiya', '42', '2017-04-18 16:05:20', 'Perempuan', 2, 5, 3),
(143, 'Nurul paraswati', '51', '2017-04-18 16:20:25', 'Perempuan', 3, 1, 2),
(144, 'imam syafii', '56', '2017-04-18 16:34:05', 'Laki-laki', 5, 1, 2),
(145, 'Eliana farah', '32', '2017-04-18 16:46:02', 'Perempuan', 3, 5, 3),
(146, 'Risma Ayu Saputri', '27', '2017-04-19 07:47:49', 'Perempuan', 5, 5, 1),
(147, 'Faisol akbar', '45', '2017-04-19 07:51:18', 'Laki-laki', 3, 4, 2),
(148, 'lusiana hidayati', '23', '2017-04-19 08:19:28', 'Perempuan', 5, 5, 2),
(149, 'maharani allysa', '27', '2017-04-19 08:30:10', 'Perempuan', 4, 2, 2),
(150, 'Nordiono Maulidi', '34', '2017-04-19 08:43:46', 'Laki-laki', 5, 4, 2),
(151, 'Maulida nur wulandari', '21', '2017-04-19 08:51:30', 'Perempuan', 3, 3, 2),
(152, 'JUMHURIYAH', '32', '2017-04-19 08:53:28', 'Perempuan', 2, 5, 3),
(153, 'IMROTUS SHOLEHAH', '26', '2017-04-19 09:05:20', 'Perempuan', 2, 5, 3),
(154, 'mutmainnah', '23', '2017-04-19 09:17:59', 'Perempuan', 3, 5, 3),
(155, 'mohammad atoullah', '38', '2017-04-19 09:26:46', 'Laki-laki', 5, 1, 2),
(156, 'Moch Rizqie Lubis', '17', '2017-04-19 09:41:36', 'Laki-laki', 2, 3, 2),
(157, 'Reddy Anggara', '22', '2017-04-19 09:56:07', 'Laki-laki', 3, 3, 2),
(158, 'Risa Saadatin Niami', '28', '2017-04-20 08:10:38', 'Perempuan', 5, 5, 2),
(159, 'Jauharoh Annafisah', '31', '2017-04-20 08:24:20', 'Perempuan', 3, 5, 3),
(160, 'abdul fattah', '31', '2017-04-20 08:36:47', 'Laki-laki', 4, 2, 1),
(161, 'alfiatun nuri', '20', '2017-04-20 08:49:29', 'Perempuan', 3, 3, 2),
(162, 'nur komariyah', '25', '2017-04-20 08:58:36', 'Perempuan', 3, 5, 2),
(163, 'Desi', '39', '2017-04-20 09:08:43', 'Perempuan', 4, 5, 2),
(164, 'Amalia Putri', '24', '2017-04-20 09:27:31', 'Perempuan', 3, 5, 2),
(165, 'Dhurrotun', '34', '2017-04-20 09:36:27', 'Perempuan', 2, 5, 3),
(166, 'Fatimah Azzahra', '19', '2017-04-20 09:48:16', 'Perempuan', 3, 3, 2),
(167, 'Ali imron', '45', '2017-04-20 09:55:55', 'Laki-laki', 5, 1, 2),
(168, 'Ahmad Yusa', '32', '2017-04-21 14:08:11', 'Laki-laki', 3, 2, 2),
(169, 'mohammad arifin', '39', '2017-04-21 14:17:02', 'Laki-laki', 5, 1, 2),
(170, 'Mahmudi', '47', '2017-04-21 14:24:38', 'Laki-laki', 3, 4, 3),
(171, 'Nurus Syakir', '52', '2017-04-21 14:37:57', 'Laki-laki', 4, 4, 2),
(172, 'Syaiful Fahri', '29', '2017-04-21 14:42:58', 'Laki-laki', 5, 2, 2),
(173, 'Aziz Mustofa', '55', '2017-04-21 14:58:40', 'Laki-laki', 5, 1, 2),
(174, 'sulhan', '37', '2017-04-21 15:09:26', 'Laki-laki', 3, 4, 3),
(175, 'Firda Amelia', '24', '2017-04-22 07:57:21', 'Perempuan', 5, 5, 2),
(176, 'Nadhor Fauzi', '35', '2017-04-22 08:06:05', 'Laki-laki', 3, 2, 1),
(177, 'halisatin diniah', '42', '2017-04-22 08:20:07', 'Perempuan', 3, 5, 2),
(178, 'Hulaifah', '36', '2017-04-22 08:29:46', 'Perempuan', 3, 5, 3),
(179, 'Imam Wakyudi Arif', '20', '2017-04-22 08:38:19', 'Laki-laki', 3, 3, 2),
(180, 'Yudha Dien S', '27', '2017-04-22 08:39:22', 'Laki-laki', 5, 4, 2),
(181, 'Ro''if Su''adi', '26', '2017-04-22 08:40:08', 'Laki-laki', 3, 4, 3),
(182, 'Nafisatul laili', '23', '2017-04-22 08:57:52', 'Perempuan', 5, 5, 2),
(183, 'NURFAIDAH', '34', '2017-04-22 08:58:25', 'Perempuan', 4, 1, 2),
(184, 'Muhammad Hidayah', '30', '2017-04-22 09:26:24', 'Laki-laki', 3, 4, 3),
(185, 'Ralidatus Syarifah', '27', '2017-04-22 09:27:02', 'Perempuan', 3, 5, 2),
(186, 'Riandiani Utami', '33', '2017-04-22 09:44:40', 'Perempuan', 4, 5, 2),
(187, 'Roudhatus syarifah', '32', '2017-04-22 09:56:50', 'Perempuan', 2, 5, 3),
(188, 'Putri Utami', '24', '2017-04-22 09:57:41', 'Perempuan', 4, 3, 2),
(189, 'saniha darmatia', '34', '2017-04-22 09:58:36', 'Perempuan', 3, 5, 2),
(190, 'Nazriel rusli', '37', '2017-04-22 10:24:21', 'Laki-laki', 5, 1, 2),
(191, 'Shofaul fitrah', '25', '2017-04-22 10:33:25', 'Perempuan', 5, 1, 2),
(192, 'Kartika sari', '27', '2017-04-22 10:46:13', 'Perempuan', 4, 1, 2),
(193, 'Sulis triani', '28', '2017-04-25 07:25:04', 'Perempuan', 5, 5, 2),
(194, 'Yunita', '42', '2017-04-25 07:39:47', 'Perempuan', 3, 5, 3),
(195, 'Zainul Akbar', '34', '2017-04-25 07:56:41', 'Laki-laki', 5, 1, 2),
(196, 'Amin Mustofa', '50', '2017-04-25 08:09:48', 'Laki-laki', 5, 5, 2),
(197, 'Marini ', '28', '2017-04-25 08:17:21', 'Perempuan', 3, 5, 2),
(198, 'Aviva sari', '20', '2017-04-25 08:29:44', 'Perempuan', 3, 3, 2),
(199, 'Lailisari', '36', '2017-04-25 08:38:36', 'Perempuan', 2, 5, 3),
(200, 'Muh Amin', '41', '2017-04-25 08:39:31', 'Laki-laki', 5, 1, 2),
(201, 'Eldi Nafida', '26', '2017-04-25 08:56:05', 'Perempuan', 4, 2, 2),
(202, 'Rizki Amalia', '30', '2017-04-25 08:56:46', 'Perempuan', 3, 5, 2),
(204, 'Jaffar Shodiq', '49', '2017-04-25 14:11:37', 'Laki-laki', 5, 1, 2),
(205, 'Muharrir', '35', '2017-04-25 14:22:15', 'Laki-laki', 4, 2, 2),
(206, 'Imam syahroni', '42', '2017-04-25 14:36:31', 'Laki-laki', 3, 4, 2),
(207, 'Rini Fitria', '36', '2017-04-25 14:49:01', 'Perempuan', 5, 1, 2),
(208, 'Hayati', '43', '2017-04-25 14:58:45', 'Perempuan', 2, 5, 3),
(209, 'Iswarti Amalina', '31', '2017-04-25 15:04:40', 'Perempuan', 3, 5, 2),
(210, 'Marsinah', '38', '2017-04-25 15:14:12', 'Perempuan', 2, 5, 3),
(211, 'edy murdiantoro', '32', '2017-04-25 15:35:14', 'Laki-laki', 5, 4, 2),
(212, 'Agam bastian', '19', '2017-04-26 07:48:05', 'Laki-laki', 3, 3, 1),
(213, 'Puput permatasari', '31', '2017-04-26 07:56:52', 'Perempuan', 4, 5, 2),
(214, 'Raini Nur Hayati', '27', '2017-04-26 08:04:11', 'Perempuan', 2, 5, 2),
(215, 'Citra Wasilah', '24', '2017-04-26 08:18:01', 'Perempuan', 5, 2, 2),
(216, 'Allisa', '28', '2017-04-26 08:29:51', 'Laki-laki', 4, 5, 3),
(217, 'Nailum Kamila', '31', '2017-04-26 08:36:37', 'Perempuan', 5, 2, 2),
(218, 'wilda', '34', '2017-04-26 08:45:42', 'Perempuan', 5, 1, 2),
(219, 'lelijanto', '62', '2017-04-27 07:36:38', 'Laki-laki', 5, 5, 2),
(220, 'ira rosaria', '36', '2017-04-27 07:49:52', 'Perempuan', 3, 5, 3),
(221, 'Asiya Sulistyawati', '28', '2017-04-27 07:57:33', 'Perempuan', 3, 5, 2),
(222, 'Titiek Krismaningsih', '38', '2017-04-27 08:06:03', 'Perempuan', 3, 4, 2),
(223, 'silvia', '39', '2017-04-27 08:14:47', 'Perempuan', 2, 5, 3),
(224, 'Ruslina dewi', '27', '2017-04-27 08:24:01', 'Perempuan', 5, 1, 2),
(225, 'Sulihah', '45', '2017-04-27 08:37:52', 'Perempuan', 3, 5, 2),
(226, 'dewi lestana', '50', '2017-04-27 08:42:20', 'Perempuan', 3, 5, 3),
(227, 'mohamad suud', '32', '2017-04-27 08:56:00', 'Laki-laki', 3, 4, 3),
(228, 'Tina agustina', '39', '2017-04-28 07:26:50', 'Perempuan', 3, 5, 2),
(229, 'firmansyah', '28', '2017-04-28 07:39:36', 'Laki-laki', 3, 5, 3),
(230, 'Maulana akbar', '31', '2017-04-28 07:47:06', 'Laki-laki', 3, 4, 2),
(231, 'Dicky herman', '23', '2017-04-28 08:00:10', 'Laki-laki', 3, 3, 2),
(232, 'mohamad altof', '29', '2017-04-28 08:08:15', 'Laki-laki', 2, 5, 3),
(233, 'muhamad asrori', '35', '2017-04-28 08:18:07', 'Laki-laki', 3, 4, 2),
(235, 'Yuniar Setyawati', '17', '2017-04-28 08:41:16', 'Perempuan', 3, 3, 2),
(236, 'Yusuf Fajar', '17', '2017-04-28 08:54:00', 'Laki-laki', 2, 3, 2),
(237, 'Ilham Fauzi', '27', '2017-04-28 09:07:56', 'Laki-laki', 5, 4, 2),
(238, 'ashrori', '41', '2017-04-28 14:36:13', 'Laki-laki', 3, 4, 3),
(239, 'Syahrul Faisal', '47', '2017-04-28 14:46:23', 'Laki-laki', 4, 1, 2),
(240, 'Fathurrahman', '51', '2017-04-28 14:53:10', 'Laki-laki', 5, 2, 1),
(241, 'muhamad solihin', '42', '2017-04-28 15:04:34', 'Laki-laki', 3, 4, 2),
(242, 'Nanik budiyanti', '56', '2017-04-28 15:13:02', 'Perempuan', 3, 5, 2),
(245, 'Fahuzia Rahmi', '42', '2017-04-29 10:26:17', 'Perempuan', 5, 1, 2),
(250, 'Elvira Wahyuni', '21', '2017-04-27 09:56:08', 'Perempuan', 3, 3, 2),
(251, 'Rahmad', '39', '2017-04-29 08:29:19', 'Laki-laki', 5, 1, 2),
(252, 'Nurul fadilah', '34', '2017-04-29 09:58:17', 'Perempuan', 5, 1, 2),
(253, 'Emi nurhayati', '29', '2017-04-29 10:06:58', 'Perempuan', 4, 5, 2),
(254, 'Miftahul Jannah', '19', '2017-04-28 08:26:22', 'Perempuan', 3, 3, 2),
(256, 'nur istiqomah', '37', '2017-04-29 10:35:31', 'Perempuan', 3, 5, 3),
(257, 'ubay ummaroh', '54', '2017-04-28 15:32:01', 'Perempuan', 5, 1, 2),
(258, 'Restina maulidawati', '34', '2017-04-29 10:47:19', 'Perempuan', 5, 1, 2),
(259, 'fewf', '23', '2017-07-18 22:36:21', 'Laki-laki', 1, 1, 1);

-- --------------------------------------------------------

--
-- Table structure for table `responden_pekerjaan`
--

CREATE TABLE IF NOT EXISTS `responden_pekerjaan` (
`ID_PEKERJAAN` int(11) NOT NULL,
  `NAMA_PEKERJAAN` varchar(100) NOT NULL,
  `KETERANGAN` text NOT NULL
) ENGINE=InnoDB  DEFAULT CHARSET=latin1 AUTO_INCREMENT=6 ;

--
-- Dumping data for table `responden_pekerjaan`
--

INSERT INTO `responden_pekerjaan` (`ID_PEKERJAAN`, `NAMA_PEKERJAAN`, `KETERANGAN`) VALUES
(1, 'PNS/TNI/POLRI', ''),
(2, 'Pegawai Swasta', ''),
(3, 'Pelajar/Mahasiswa', ''),
(4, 'Wiraswasta/Usahawan', ''),
(5, 'Lain-lain', '');

-- --------------------------------------------------------

--
-- Table structure for table `responden_pendidikan`
--

CREATE TABLE IF NOT EXISTS `responden_pendidikan` (
`ID_PENDIDIKAN` int(11) NOT NULL,
  `NAMA_PENDIDIKAN` varchar(100) NOT NULL,
  `KETERANGAN` text NOT NULL
) ENGINE=InnoDB  DEFAULT CHARSET=latin1 AUTO_INCREMENT=7 ;

--
-- Dumping data for table `responden_pendidikan`
--

INSERT INTO `responden_pendidikan` (`ID_PENDIDIKAN`, `NAMA_PENDIDIKAN`, `KETERANGAN`) VALUES
(1, 'SD Kebawah', ''),
(2, 'SLTP/SMP', ''),
(3, 'SLTA/SMA', ''),
(4, 'D1-D2-D3', ''),
(5, 'S1', ''),
(6, 'S2 Keatas', '');

-- --------------------------------------------------------

--
-- Table structure for table `responden_tanggungan_biaya`
--

CREATE TABLE IF NOT EXISTS `responden_tanggungan_biaya` (
`ID_TANGGUNGAN_BIAYA` int(11) NOT NULL,
  `NAMA_TANGGUNGAN_BIAYA` varchar(100) NOT NULL,
  `KETERANGAN` text NOT NULL
) ENGINE=InnoDB  DEFAULT CHARSET=latin1 AUTO_INCREMENT=5 ;

--
-- Dumping data for table `responden_tanggungan_biaya`
--

INSERT INTO `responden_tanggungan_biaya` (`ID_TANGGUNGAN_BIAYA`, `NAMA_TANGGUNGAN_BIAYA`, `KETERANGAN`) VALUES
(1, 'Umum/Pribadi', ''),
(2, 'BPJS/JKN', ''),
(3, 'DAUM/Sehati/Dll', ''),
(4, 'Asuransi Kesehatan Lain', '');

-- --------------------------------------------------------

--
-- Table structure for table `sub_kriteria`
--

CREATE TABLE IF NOT EXISTS `sub_kriteria` (
`ID_SUB` int(11) NOT NULL,
  `ID_KRITERIA` int(11) DEFAULT NULL,
  `NAMA_SUB` varchar(100) DEFAULT NULL,
  `JENIS_KRITERIA` varchar(100) NOT NULL,
  `KETERANGAN` text NOT NULL,
  `STATUS` varchar(100) NOT NULL,
  `BOBOT_SUB` int(11) DEFAULT NULL,
  `BOBOT_GLOBAL` decimal(11,2) DEFAULT NULL
) ENGINE=InnoDB  DEFAULT CHARSET=latin1 AUTO_INCREMENT=16 ;

--
-- Dumping data for table `sub_kriteria`
--

INSERT INTO `sub_kriteria` (`ID_SUB`, `ID_KRITERIA`, `NAMA_SUB`, `JENIS_KRITERIA`, `KETERANGAN`, `STATUS`, `BOBOT_SUB`, `BOBOT_GLOBAL`) VALUES
(1, 1, 'Perawat dan dokter berpenampilan rapi dan bersih', 'Benefit', '-', 'Aktif', 30, '0.06'),
(2, 1, 'Ruang tunggu poli bersih dan nyaman', 'Benefit', '-', 'Aktif', 25, '0.05'),
(3, 1, 'Ruang pemeriksaan poli bersih dan nyaman', 'Benefit', '-', 'Aktif', 25, '0.05'),
(4, 1, 'Memiliki papan petunjuk informasi yang jelas', 'Benefit', 'Adanya papan informasi disetiap pintu poli sehingga pasien tidak kesulitan untuk menemukan poli yang dituju', 'Aktif', 20, '0.04'),
(5, 2, 'Prosedur pelayanan terstruktur dan mudah dipahami', 'Benefit', 'Petugas menjelaskan prosedur yang harus dilakukan pasien dan prosedur berjalan sesuai dengan seharusnya', 'Aktif', 25, '0.05'),
(6, 2, 'Perawat dan dokter memiliki kehandalan dalam menggunakan peralatan yang ada', 'Benefit', 'Perawat dan dokter mampu memberikan diagnosa yang baik dengan menggunakan peralatan medis yang tersedia', 'Aktif', 75, '0.15'),
(7, 3, 'Jadwal pelayanan pemeriksaan dimulai tepat waktu', 'Benefit', '-', 'Aktif', 30, '0.06'),
(8, 3, 'Jadwal kedatangan dokter jelas dan tepat waktu', 'Benefit', '-', 'Aktif', 30, '0.06'),
(9, 3, 'Perawat dan dokter memberikan pelayanan kesehatan dengan cepat dan akurat', 'Benefit', 'Pelayanan kesehataan dilakukan dengan cepat dan akurat namun tetap memperhatikan faktor kepentingan dan keselamatan pasien', 'Aktif', 40, '0.08'),
(10, 4, 'Adanya jaminan keamanan dan keselamatan dari petugas', 'Benefit', 'Petugas memberikan informasi terkait dengan keselamatan pasien, misalnya memberikan informasi dan perjanjian bila akan dilakukan operasi kecil/besar', 'Aktif', 25, '0.05'),
(11, 4, 'Adanya kepastian biaya yang dibebankan sesuai dengan standart pemerintah ', 'Benefit', 'Biaya yang dibebankan sesuai dengan ketentuan jaminan yang ada tanpa adanya penambahan ataupun pengurangan, pengguna asuransi tidak dibabankan biaya lain kecuali biaya yang diluar jaminan asuransi', 'Aktif', 25, '0.05'),
(12, 4, 'Dokter dan perawat memiliki pengalaman dan kemampuan dalam memberikan pelayanan dibidangnya', 'Benefit', 'Dibuktikan dengan adanya dokter spesialis dan perawat yang sesuai dengan bidangnya', 'Aktif', 25, '0.05'),
(13, 4, 'Dokter dan perawat memiliki kejujuran dan kemampuan menjaga rahasia pasien', 'Benefit', 'Perawat dan dokter tidak menyebarkan penyakit pasien didepan pasien yang lain dan mampu berkata jujur dalam menyampaikan permasalahan pasien', 'Aktif', 25, '0.05'),
(14, 5, 'Perawat dan dokter ramah dalam memberikan pelayanan', 'Benefit', '-', 'Aktif', 50, '0.10'),
(15, 5, 'Perawat dan dokter adil dalam memberikan pelayanan', 'Benefit', 'Pelayanan yang diberikan kepada pasien sama rata tanpa memandang status sosial', 'Aktif', 50, '0.10');

-- --------------------------------------------------------

--
-- Table structure for table `user`
--

CREATE TABLE IF NOT EXISTS `user` (
  `USERNAME` varchar(100) NOT NULL,
  `NAMA_USER` varchar(100) DEFAULT NULL,
  `PASSWORD` varchar(100) NOT NULL,
  `HAK_AKSES` varchar(100) DEFAULT NULL
) ENGINE=InnoDB DEFAULT CHARSET=latin1;

--
-- Dumping data for table `user`
--

INSERT INTO `user` (`USERNAME`, `NAMA_USER`, `PASSWORD`, `HAK_AKSES`) VALUES
('isna', 'isna', '3d1c3481dd9ce3d7e31f3bee188cee35', 'Pengawas'),
('isnaniyah_', 'R Siti Isnaniyah', 'e16ab0b9c061094e6747a6dd9b9237d6', 'Admin'),
('mai', 'Maimunah', '217a39352a72fe13b33e68bf784b4195', 'Admin'),
('saiful_bahri', 'Saiful Bahri', 'c4e65a8f5b19daf5934251c3259a7dcd', 'Pengawas'),
('urip_budiman', 'Urip Budiman', '893eeb70156511b964f54adbf4f9cea1', 'Pengawas');

--
-- Indexes for dumped tables
--

--
-- Indexes for table `kriteria`
--
ALTER TABLE `kriteria`
 ADD PRIMARY KEY (`ID_KRITERIA`);

--
-- Indexes for table `kritik_saran`
--
ALTER TABLE `kritik_saran`
 ADD PRIMARY KEY (`ID_KRITIK_SARAN`), ADD KEY `ID_RESPONDEN` (`ID_RESPONDEN`);

--
-- Indexes for table `log`
--
ALTER TABLE `log`
 ADD PRIMARY KEY (`ID_LOG`);

--
-- Indexes for table `nilai_akhir`
--
ALTER TABLE `nilai_akhir`
 ADD PRIMARY KEY (`ID_RANKING`), ADD KEY `ID_SUPPLIER` (`ID_POLI`), ADD KEY `ID_TAHUN` (`ID_PERIODE`);

--
-- Indexes for table `nilai_perhitungan`
--
ALTER TABLE `nilai_perhitungan`
 ADD PRIMARY KEY (`ID_NILAI_PERHITUNGAN`), ADD KEY `RATA_PERSEPSI` (`RATA_PERSEPSI`,`RATA_HARAPAN`,`NILAI_SERVQUAL`,`NILAI_NORMALISASI`), ADD KEY `ID_SUB` (`ID_SUB`), ADD KEY `ID_POLI` (`ID_POLI`), ADD KEY `ID_PERIODE` (`ID_PERIODE`), ADD KEY `ID_SUB_2` (`ID_SUB`);

--
-- Indexes for table `nilai_survei`
--
ALTER TABLE `nilai_survei`
 ADD PRIMARY KEY (`ID_SURVEI`), ADD KEY `ID_RESPONDEN` (`ID_RESPONDEN`,`ID_POLI`,`ID_SUB`), ADD KEY `ID_SUB` (`ID_SUB`), ADD KEY `ID_POLI` (`ID_POLI`), ADD KEY `ID_` (`ID_PERIODE`);

--
-- Indexes for table `periode`
--
ALTER TABLE `periode`
 ADD PRIMARY KEY (`ID_PERIODE`);

--
-- Indexes for table `poli`
--
ALTER TABLE `poli`
 ADD PRIMARY KEY (`ID_POLI`);

--
-- Indexes for table `responden`
--
ALTER TABLE `responden`
 ADD PRIMARY KEY (`ID_RESPONDEN`), ADD KEY `ID_TANGGUNGAN_BIAYA` (`ID_TANGGUNGAN_BIAYA`), ADD KEY `ID_PEKERJAAN` (`ID_PEKERJAAN`), ADD KEY `ID_PENDIDIKAN` (`ID_PENDIDIKAN`);

--
-- Indexes for table `responden_pekerjaan`
--
ALTER TABLE `responden_pekerjaan`
 ADD PRIMARY KEY (`ID_PEKERJAAN`);

--
-- Indexes for table `responden_pendidikan`
--
ALTER TABLE `responden_pendidikan`
 ADD PRIMARY KEY (`ID_PENDIDIKAN`);

--
-- Indexes for table `responden_tanggungan_biaya`
--
ALTER TABLE `responden_tanggungan_biaya`
 ADD PRIMARY KEY (`ID_TANGGUNGAN_BIAYA`);

--
-- Indexes for table `sub_kriteria`
--
ALTER TABLE `sub_kriteria`
 ADD PRIMARY KEY (`ID_SUB`), ADD KEY `ID_KRITERIA` (`ID_KRITERIA`);

--
-- Indexes for table `user`
--
ALTER TABLE `user`
 ADD PRIMARY KEY (`USERNAME`);

--
-- AUTO_INCREMENT for dumped tables
--

--
-- AUTO_INCREMENT for table `kriteria`
--
ALTER TABLE `kriteria`
MODIFY `ID_KRITERIA` int(11) NOT NULL AUTO_INCREMENT,AUTO_INCREMENT=6;
--
-- AUTO_INCREMENT for table `kritik_saran`
--
ALTER TABLE `kritik_saran`
MODIFY `ID_KRITIK_SARAN` int(11) NOT NULL AUTO_INCREMENT,AUTO_INCREMENT=33;
--
-- AUTO_INCREMENT for table `log`
--
ALTER TABLE `log`
MODIFY `ID_LOG` int(11) NOT NULL AUTO_INCREMENT,AUTO_INCREMENT=58;
--
-- AUTO_INCREMENT for table `nilai_akhir`
--
ALTER TABLE `nilai_akhir`
MODIFY `ID_RANKING` int(11) NOT NULL AUTO_INCREMENT,AUTO_INCREMENT=12;
--
-- AUTO_INCREMENT for table `nilai_perhitungan`
--
ALTER TABLE `nilai_perhitungan`
MODIFY `ID_NILAI_PERHITUNGAN` int(11) NOT NULL AUTO_INCREMENT,AUTO_INCREMENT=137;
--
-- AUTO_INCREMENT for table `nilai_survei`
--
ALTER TABLE `nilai_survei`
MODIFY `ID_SURVEI` int(11) NOT NULL AUTO_INCREMENT,AUTO_INCREMENT=3933;
--
-- AUTO_INCREMENT for table `periode`
--
ALTER TABLE `periode`
MODIFY `ID_PERIODE` int(11) NOT NULL AUTO_INCREMENT,AUTO_INCREMENT=2;
--
-- AUTO_INCREMENT for table `poli`
--
ALTER TABLE `poli`
MODIFY `ID_POLI` int(11) NOT NULL AUTO_INCREMENT,AUTO_INCREMENT=10;
--
-- AUTO_INCREMENT for table `responden`
--
ALTER TABLE `responden`
MODIFY `ID_RESPONDEN` int(11) NOT NULL AUTO_INCREMENT,AUTO_INCREMENT=260;
--
-- AUTO_INCREMENT for table `responden_pekerjaan`
--
ALTER TABLE `responden_pekerjaan`
MODIFY `ID_PEKERJAAN` int(11) NOT NULL AUTO_INCREMENT,AUTO_INCREMENT=6;
--
-- AUTO_INCREMENT for table `responden_pendidikan`
--
ALTER TABLE `responden_pendidikan`
MODIFY `ID_PENDIDIKAN` int(11) NOT NULL AUTO_INCREMENT,AUTO_INCREMENT=7;
--
-- AUTO_INCREMENT for table `responden_tanggungan_biaya`
--
ALTER TABLE `responden_tanggungan_biaya`
MODIFY `ID_TANGGUNGAN_BIAYA` int(11) NOT NULL AUTO_INCREMENT,AUTO_INCREMENT=5;
--
-- AUTO_INCREMENT for table `sub_kriteria`
--
ALTER TABLE `sub_kriteria`
MODIFY `ID_SUB` int(11) NOT NULL AUTO_INCREMENT,AUTO_INCREMENT=16;
--
-- Constraints for dumped tables
--

--
-- Constraints for table `kritik_saran`
--
ALTER TABLE `kritik_saran`
ADD CONSTRAINT `kritik_saran_ibfk_1` FOREIGN KEY (`ID_RESPONDEN`) REFERENCES `responden` (`ID_RESPONDEN`) ON DELETE CASCADE ON UPDATE CASCADE;

--
-- Constraints for table `nilai_akhir`
--
ALTER TABLE `nilai_akhir`
ADD CONSTRAINT `nilai_akhir_ibfk_1` FOREIGN KEY (`ID_POLI`) REFERENCES `poli` (`ID_POLI`) ON DELETE CASCADE ON UPDATE CASCADE,
ADD CONSTRAINT `nilai_akhir_ibfk_2` FOREIGN KEY (`ID_PERIODE`) REFERENCES `periode` (`ID_PERIODE`) ON DELETE CASCADE ON UPDATE CASCADE;

--
-- Constraints for table `nilai_perhitungan`
--
ALTER TABLE `nilai_perhitungan`
ADD CONSTRAINT `nilai_perhitungan_ibfk_1` FOREIGN KEY (`ID_POLI`) REFERENCES `poli` (`ID_POLI`) ON DELETE CASCADE ON UPDATE CASCADE,
ADD CONSTRAINT `nilai_perhitungan_ibfk_2` FOREIGN KEY (`ID_PERIODE`) REFERENCES `periode` (`ID_PERIODE`) ON DELETE CASCADE ON UPDATE CASCADE,
ADD CONSTRAINT `nilai_perhitungan_ibfk_3` FOREIGN KEY (`ID_SUB`) REFERENCES `sub_kriteria` (`ID_SUB`) ON DELETE CASCADE ON UPDATE CASCADE;

--
-- Constraints for table `nilai_survei`
--
ALTER TABLE `nilai_survei`
ADD CONSTRAINT `nilai_survei_ibfk_2` FOREIGN KEY (`ID_SUB`) REFERENCES `sub_kriteria` (`ID_SUB`) ON DELETE CASCADE ON UPDATE CASCADE,
ADD CONSTRAINT `nilai_survei_ibfk_3` FOREIGN KEY (`ID_POLI`) REFERENCES `poli` (`ID_POLI`) ON DELETE CASCADE ON UPDATE CASCADE,
ADD CONSTRAINT `nilai_survei_ibfk_5` FOREIGN KEY (`ID_RESPONDEN`) REFERENCES `responden` (`ID_RESPONDEN`) ON DELETE CASCADE ON UPDATE CASCADE,
ADD CONSTRAINT `nilai_survei_ibfk_6` FOREIGN KEY (`ID_PERIODE`) REFERENCES `periode` (`ID_PERIODE`) ON DELETE CASCADE ON UPDATE CASCADE;

--
-- Constraints for table `responden`
--
ALTER TABLE `responden`
ADD CONSTRAINT `responden_ibfk_1` FOREIGN KEY (`ID_PEKERJAAN`) REFERENCES `responden_pekerjaan` (`ID_PEKERJAAN`) ON DELETE CASCADE ON UPDATE CASCADE,
ADD CONSTRAINT `responden_ibfk_2` FOREIGN KEY (`ID_PENDIDIKAN`) REFERENCES `responden_pendidikan` (`ID_PENDIDIKAN`) ON DELETE CASCADE ON UPDATE CASCADE,
ADD CONSTRAINT `responden_ibfk_3` FOREIGN KEY (`ID_TANGGUNGAN_BIAYA`) REFERENCES `responden_tanggungan_biaya` (`ID_TANGGUNGAN_BIAYA`) ON DELETE CASCADE ON UPDATE CASCADE;

--
-- Constraints for table `sub_kriteria`
--
ALTER TABLE `sub_kriteria`
ADD CONSTRAINT `sub_kriteria_ibfk_1` FOREIGN KEY (`ID_KRITERIA`) REFERENCES `kriteria` (`ID_KRITERIA`) ON DELETE CASCADE ON UPDATE CASCADE;

/*!40101 SET CHARACTER_SET_CLIENT=@OLD_CHARACTER_SET_CLIENT */;
/*!40101 SET CHARACTER_SET_RESULTS=@OLD_CHARACTER_SET_RESULTS */;
/*!40101 SET COLLATION_CONNECTION=@OLD_COLLATION_CONNECTION */;
